No,Chinese,Pinyin,English,Level,Category
1,爱,ài,love,1,
2,爱好,ài hào,hobby,1,
3,八,bā,eight,1,
4,爸爸｜爸,bàba ｜ bà,dad,1,
5,吧,ba,(interjection particle),1,
6,白（形）,bái,white,1,
7,白天,bái tiān,day,1,
8,百,bǎi,hundred,1,
9,班,bān,class,1,
10,半,bàn,half,1,
11,半年,bàn nián,half a year,1,
12,半天,bàn tiān,half day,1,
13,帮,bāng,help,1,
14,帮忙,bāng máng,help,1,
15,包,bāo,package,1,
16,包子,bāo zi,bun,1,
17,杯,bēi,cup,1,
18,杯子,bēi zi,cup,1,
19,北,běi,north,1,
20,北边,běi biān,North side,1,
21,北京,běi jīng,Beijing,1,
22,本（量）,běn,(measure word for books or volumes),1,
23,本子,běn zi,book,1,
24,比,bǐ,particle used for comparison,1,
25,别（副）,bié,Don’t,1,
26,别的,bié de,other,1,
27,别人,bié·rén,other people,1,
28,病,bìng,disease,1,
29,病人,bìng rén,patient,1,
30,不大,bú dà,not big,1,
31,不对,bú duì,wrong,1,
32,不客气,bú kè qì,You’re welcome,1,
33,不用,bú yòng,No need to,1,
34,不,bù,No,1,
35,菜,cài,dish,1,
36,茶,chá,tea,1,
37,差,chà,differ from; bad; short of,1,
38,常,cháng,often,1,
39,常常,cháng cháng,often,1,
40,唱,chàng,sing,1,
41,唱歌,chàng gē,sing,1,
42,车,chē,car,1,
43,车票,chē piào,ticket,1,
44,车上,chē shàng,in the car,1,
45,车站,chē zhàn,station,1,
46,吃,chī,eat,1,
47,吃饭,chī fàn,have meal,1,
48,出,chū,out,1,
49,出来,chū lái,come,1,
50,出去,chū qù,go out,1,
51,穿,chuān,wear,1,
52,床,chuáng,bed,1,
53,次（量）,cì,"(measure word for times, frequency)",1,
54,从,cóng,from,1,
55,错,cuò,wrong,1,
56,打（动）,dǎ,"hit, take",1,
57,打车,dǎ chē,take a taxi,1,
58,打电话,dǎ diàn huà,make a phonecall,1,
59,打开,dǎ kāi,turn on,1,
60,打球,dǎ qiú,play ball,1,
61,大,dà,"large, big",1,
62,大学,dà xué,university,1,
63,大学生,dà xué shēng,university student,1,
64,到,dào,reach,1,
65,得到,dé dào,get,1,
66,地,de,auxiliary word,1,
67,的,de,(aux.),1,
68,等（动）,děng,wait,1,
69,地,dì,ground,1,
70,地点,dìdiǎn,location,1,
71,地方,dìfang,local,1,
72,地上,dì shàng,on the ground,1,
73,地图,dìtú,Map,1,
74,弟弟｜弟,dì di ｜ dì,younger brother,1,
75,第（第二）,dì （ dì èr ）,auxiliary word for ordinal numbers (second ),1,
76,点,diǎn,spot,1,
77,电,diàn,electricity,1,
78,电话,diàn huà,phone,1,
79,电脑,diànnǎo,Computer,1,
80,电视,diànshì,television,1,
81,电视机,diàn shì jī,television,1,
82,电影,diànyǐng,Film,1,
83,电影院,diàn yǐng yuàn,cinema; movie theater,1,
84,东,dōng,east,1,
85,东边,dōng biān,east side,1,
86,东西,dōngxi,thing,1,
87,动,dòng,move,1,
88,动作,dòngzuò,action,1,
89,都,dōu,all,1,
90,读,dú,read,1,
91,读书,dú shū,reading; study,1,
92,对（形）,duì,right,1,
93,对不起,duìbuqǐ,I’m sorry.,1,
94,多（形、代）,duō,many; much; more,1,
95,多少,duōshao,how much,1,
96,饿,è,hungry,1,
97,儿子,érzi,Son,1,
98,二,èr,Two,1,
99,饭,fàn,rice; meal,1,
100,饭店,fàndiàn,restaurant,1,
101,房间,fángjiān,Room,1,
102,房子,fáng zi,house; building,1,
103,放,fàng,discharge,1,
104,放假,fàng jià,holiday; have a holiday,1,
105,放学,fàng xué,off school,1,
106,飞,fēi,fly,1,
107,飞机,fēijī,aircraft,1,
108,非常,fēicháng,very,1,
109,分（名、量）,fēn,minute; point; part; (measure word),1,
110,风,fēng,wind,1,
111,干,gān,dry,1,
112,干净,gānjìng,clean,1,
113,干,gàn,do,1,
114,干什么,gàn shén me,What to do,1,
115,高,gāo,high,1,
116,高兴,gāoxìng,happy,1,
117,告诉,gàosu,tell,1,
118,哥哥｜哥,gē ge ｜ gē,elder brother,1,
119,歌,gē,song,1,
120,个,gè,individual,1,
121,给,gěi,give,1,
122,跟,gēn,with,1,
123,工人,gōngrén,Worker,1,
124,工作,gōngzuò,work,1,
125,关（动）,guān,shut; close; turn off,1,
126,关上,guān shàng,close;shut to; turn off,1,
127,贵,guì,noble,1,
128,国,guó,country; state; nation,1,
129,国家,guójiā,Country,1,
130,国外,guó wài,foreign; oversea; abroad,1,
131,过,guò,pass,1,
132,还,hái,also; still; yet,1,
133,还是,háishi,still,1,
134,还有,hái yǒu,also; in addition; besides,1,
135,孩子,háizi,Children,1,
136,汉语,hànyǔ,Chinese,1,
137,汉字,hàn zì,Chinese character,1,
138,好（形）,hǎo,good,1,
139,好吃,hǎochī,Yummy,1,
140,好看,hǎo kàn,good looking,1,
141,好听,hǎo tīng,pleasant to hear,1,
142,好玩儿,hǎo wánr,fun; interesting,1,
143,号,hào,Number/date,1,
144,喝,hē,drink,1,
145,和,hé,and,1,
146,很,hěn,very,1,
147,后,hòu,back; behind; after; later,1,
148,后边,hòu biān,behind; back,1,
149,后天,hòu tiān,day after tomorrow,1,
150,花（名）,huā,flower,1,
151,话,huà,word; words,1,
152,坏,huài,bad,1,
153,还,huán,return; pay back,1,
154,回（动）,huí,go back; return,1,
155,回答,huídá,Answer,1,
156,回到,huí dào,back to,1,
157,回家,huí jiā,go home; return home,1,
158,回来,huí lái,come back; return,1,
159,回去,huí qù,go back,1,
160,会（动）,huì,can; be able to,1,
161,火车,huǒ chē,train,1,
162,机场,jīchǎng,Airport,1,
163,机票,jī piào,air ticket,1,
164,鸡蛋,jīdàn,Egg,1,
165,几,jǐ,several,1,
166,记,jì,remember,1,
167,记得,jìdé,remember,1,
168,记住,jì zhù,remember; keep in mind,1,
169,家,jiā,home,1,
170,家里,jiā lǐ,In the home,1,
171,家人,jiā rén,family,1,
172,间,jiān,between; measure word for rooms,1,
173,见,jiàn,see; meet,1,
174,见面,jiànmiàn,meet,1,
175,教,jiāo,teach,1,
176,叫（动）,jiào,call; be called,1,
177,教学楼,jiào xué lóu,teaching building,1,
178,姐姐｜姐,jiě jie ｜ jiě,elder sister,1,
179,介绍,jièshào,introduce,1,
180,今年,jīn nián,this year,1,
181,今天,jīntiān,Today,1,
182,进,jìn,enter,1,
183,进来,jìn lái,come in,1,
184,进去,jìn qù,go in,1,
185,九,jiǔ,Nine,1,
186,就,jiù,as soon as; right away; then,1,
187,觉得,juéde,Think,1,
188,开,kāi,open,1,
189,开车,kāi chē,drive; drive a car,1,
190,开会,kāi huì,have a meeting,1,
191,开玩笑,kāiwánxiào,Make fun of,1,
192,看,kàn,see,1,
193,看病,kàn bìng,see a doctor,1,
194,看到,kàn dào,see,1,
195,看见,kànjiàn,seeing,1,
196,考,kǎo,test; examine,1,
197,考试,kǎoshì,Examination,1,
198,渴,kě,thirsty,1,
199,课,kè,course,1,
200,课本,kè běn,textbook,1,
201,课文,kè wén,text,1,
202,口,kǒu,mouth,1,
203,块,kuài,block,1,
204,快,kuài,fast,1,
205,来,lái,come,1,
206,来到,lái dào,come; arrive,1,
207,老（形）,lǎo,old; aged,1,
208,老人,lǎo rén,old people; the aged,1,
209,老师,lǎoshī,Teacher,1,
210,了,le,past tense marker,1,
211,累,lèi,tired,1,
212,冷,lěng,cold,1,
213,里,lǐ,in,1,
214,里边,lǐ biān,inside,1,
215,两（数）,liǎng,two,1,
216,零｜〇,líng ｜ líng,zero,1,
217,六,liù,Six,1,
218,楼,lóu,floor,1,
219,楼上,lóu shàng,upstairs,1,
220,楼下,lóu xià,downstairs,1,
221,路,lù,road,1,
222,路口,lù kǒu,intersection; crossing,1,
223,路上,lù shàng,on the road,1,
224,妈妈｜妈,mā ma ｜ mā,mom; mother,1,
225,马路,mǎ lù,road; street,1,
226,马上,mǎshàng,Right off,1,
227,吗,ma,auxiliary word,1,
228,买,mǎi,buy,1,
229,慢,màn,slow,1,
230,忙,máng,busy,1,
231,毛（量）,máo,a fractional unit of money in China (measure word),1,
232,没,méi,no,1,
233,没关系,méiguānxi,No problem,1,
234,没什么,méi shén me,It’s nothing,1,
235,没事儿,méi shìr,It’s okay,1,
236,没有,méi yǒu,have not; no,1,
237,妹妹｜妹,mèi mei ｜ mèi,younger sister,1,
238,门,mén,door,1,
239,门口,mén kǒu,doorway,1,
240,门票,mén piào,tickets,1,
241,们（朋友们）,men （ péng yǒu men ）,plural marker for pronouns and a few animate nouns (friends),1,
242,米饭,mǐfàn,Steamed Rice,1,
243,面包,miànbāo,Bread,1,
244,面条儿,miàn tiáor,noodles,1,
245,名字,míngzi,Name,1,
246,明白,míngbai,clear,1,
247,明年,míng nián,next year,1,
248,明天,míngtiān,Tomorrow,1,
249,拿,ná,take,1,
250,哪,nǎ,which,1,
251,哪里,nǎ lǐ,where,1,
252,哪儿,nǎr,where,1,
253,哪些,nǎ xiē,which,1,
254,那（代）,nà,that,1,
255,那边,nà biān,there,1,
256,那里,nà lǐ,there,1,
257,那儿,nàr,there,1,
258,那些,nà xiē,those,1,
259,奶,nǎi,milk,1,
260,奶奶,nǎinai,grandma,1,
261,男,nán,Man,1,
262,男孩儿,nán háir,boy,1,
263,男朋友,nán péng yǒu,boyfriend,1,
264,男人,nán ren,man,1,
265,男生,nán shēng,boy,1,
266,南,nán,south,1,
267,南边,nán biān,south; south side,1,
268,难,nán,"hard, difficult",1,
269,呢,ne,auxiliary word,1,
270,能,néng,can,1,
271,你,nǐ,you,1,
272,你们,nǐ men,you,1,
273,年,nián,year,1,
274,您,nín,you,1,
275,牛奶,niúnǎi,milk,1,
276,女,nǚ,woman,1,
277,女儿,nǚ’ér,daughter,1,
278,女孩儿,nǚ háir,girl,1,
279,女朋友,nǚ péng yǒu,girlfriend,1,
280,女人,nǚ ren,woman,1,
281,女生,nǚ shēng,girl,1,
282,旁边,pángbiān,Side,1,
283,跑,pǎo,run,1,
284,朋友,péngyou,Friend,1,
285,票,piào,ticket,1,
286,七,qī,Seven,1,
287,起,qǐ,get up; start; rise,1,
288,起床,qǐchuáng,Get up,1,
289,起来,qǐlái,get up,1,
290,汽车,qì chē,car,1,
291,前,qián,front,1,
292,前边,qián biān,in front,1,
293,前天,qián tiān,the day before yesterday,1,
294,钱,qián,money,1,
295,钱包,qián bāo,wallet,1,
296,请,qǐng,please,1,
297,请假,qǐngjià,ask for leave,1,
298,请进,qǐng jìn,please come in,1,
299,请问,qǐng wèn,excuse me,1,
300,请坐,qǐng zuò,please have a seat,1,
301,球,qiú,ball,1,
302,去,qù,go,1,
303,去年,qùnián,Last year,1,
304,热,rè,heat,1,
305,人,rén,people,1,
306,认识,rènshi,know,1,
307,认真,rènzhēn,earnest,1,
308,日,rì,date,1,
309,日期,rìqī,Date,1,
310,肉,ròu,meat,1,
311,三,sān,Three,1,
312,山,shān,mountain,1,
313,商场,shāng chǎng,mall; shopping mall,1,
314,商店,shāngdiàn,Shop,1,
315,上,shàng,upper,1,
316,上班,shàngbān,go to work,1,
317,上边,shàng biān,above; on,1,
318,上车,shàng chē,get on,1,
319,上次,shàng cì,last time,1,
320,上课,shàng kè,attend class; have a class,1,
321,上网,shàngwǎng,Surf the Internet,1,
322,上午,shàngwǔ,morning,1,
323,上学,shàng xué,go to school,1,
324,少,shǎo,less,1,
325,谁,shéi,who,1,
326,身上,shēn shàng,body; on one’s body,1,
327,身体,shēntǐ,body,1,
328,什么,shénme,What,1,
329,生病,shēngbìng,Fall ill,1,
330,生气,shēngqì,get angry,1,
331,生日,shēngrì,Birthday,1,
332,十,shí,Ten,1,
333,时候,shíhou,time,1,
334,时间,shíjiān,time,1,
335,事,shì,thing,1,
336,试,shì,try,1,
337,是,shì,yes,1,
338,是不是,shì bú shì,isn’t it?,1,
339,手,shǒu,hand,1,
340,手机,shǒujī,Mobile phone,1,
341,书,shū,book,1,
342,书包,shū bāo,school bag,1,
343,书店,shū diàn,bookstore,1,
344,树,shù,tree,1,
345,水,shuǐ,water,1,
346,水果,shuǐguǒ,Fruits,1,
347,睡,shuì,sleep,1,
348,睡觉,shuìjiào,sleep,1,
349,说,shuō,speak,1,
350,说话,shuōhuà,talk,1,
351,四,sì,Four,1,
352,送,sòng,give,1,
353,岁,suì,"year, age",1,
354,他,tā,he,1,
355,他们,tā men,they,1,
356,她,tā,she,1,
357,她们,tā men,they,1,
358,太,tài,too,1,
359,天,tiān,day,1,
360,天气,tiānqì,weather,1,
361,听,tīng,hear,1,
362,听到,tīng dào,hear,1,
363,听见,tīng jiàn,hear,1,
364,听写,tīng xiě,dictation; dictate,1,
365,同学,tóngxué,Classmate,1,
366,图书馆,túshūguǎn,Library,1,
367,外,wài,"abroad, outside",1,
368,外边,wài biān,outside,1,
369,外国,wài guó,foreign country,1,
370,外语,wài yǔ,foreign language,1,
371,玩儿,wánr,play,1,
372,晚,wǎn,late,1,
373,晚饭,wǎn fàn,dinner,1,
374,晚上,wǎnshang,Night,1,
375,网上,wǎng shàng,online,1,
376,网友,wǎng yǒu,net friend,1,
377,忘,wàng,forget,1,
378,忘记,wàngjì,forget,1,
379,问,wèn,ask,1,
380,我,wǒ,I,1,
381,我们,wǒmen,We,1,
382,五,wǔ,Five,1,
383,午饭,wǔ fàn,lunch,1,
384,西,xī,west,1,
385,西边,xī biān,west; west side,1,
386,洗,xǐ,wash,1,
387,洗手间,xǐshǒujiān,Restroom,1,
388,喜欢,xǐhuan,like,1,
389,下（名、动）,xià,below; under; next; go down; get off,1,
390,下班,xià bān,get off work,1,
391,下边,xià biān,below; under,1,
392,下车,xià chē,get off,1,
393,下次,xià cì,next time,1,
394,下课,xià kè,finish class,1,
395,下午,xiàwǔ,Afternoon,1,
396,下雨,xiàyǔ,rain,1,
397,先,xiān,before,1,
398,先生,xiānsheng,Sir,1,
399,现在,xiànzài,Now,1,
400,想,xiǎng,think,1,
401,小,xiǎo,Small,1,
402,小孩儿,xiǎo háir,child; kid,1,
403,小姐,xiǎojiě,Miss,1,
404,小朋友,xiǎo péng yǒu,child; kid,1,
405,小时,xiǎoshí,hour,1,
406,小学,xiǎo xué,primary school; elementary school,1,
407,小学生,xiǎo xué shēng,elementary school student,1,
408,笑,xiào,laugh,1,
409,写,xiě,write,1,
410,谢谢,xièxie,Thank you,1,
411,新,xīn,new,1,
412,新年,xīn nián,New Year,1,
413,星期,xīngqī,week,1,
414,星期日,xīng qī rì,Sunday,1,
415,星期天,xīng qī tiān,Sunday,1,
416,行,xíng,That’s ok,1,
417,休息,xiūxi,Rest,1,
418,学,xué,learn; study,1,
419,学生,xuésheng,Student,1,
420,学习,xuéxí,Study,1,
421,学校,xuéxiào,School,1,
422,学院,xué yuàn,college; academy,1,
423,要（动）,yào,want,1,
424,爷爷,yéye,grandpa,1,
425,也,yě,also,1,
426,页,yè,page,1,
427,一,yī,One,1,
428,衣服,yīfu,clothes,1,
429,医生,yīshēng,Doctor,1,
430,医院,yīyuàn,Hospital,1,
431,一半,yí bàn,half,1,
432,一会儿,yíhuìr,A little while,1,
433,一块儿,yí kuàir,together,1,
434,一下儿,yí xiàr,a little bit,1,
435,一样,yíyàng,equally,1,
436,一边,yìbiān,One side,1,
437,一点儿,yīdiǎnr,a little bit,1,
438,一起,yìqǐ,together,1,
439,一些,yì xiē,some,1,
440,用,yòng,use,1,
441,有,yǒu,have,1,
442,有的,yǒu de,some,1,
443,有名,yǒumíng,Famous,1,
444,有时候｜有时,yǒu shí hòu ｜ yǒu shí,sometimes,1,
445,有（一）些,yǒu （ yì ） xiē,some,1,
446,有用,yǒu yòng,useful,1,
447,右,yòu,right,1,
448,右边,yòubian,Right,1,
449,雨,yǔ,rain,1,
450,元,yuán,element; Yuan,1,
451,远,yuǎn,far,1,
452,月,yuè,month,1,
453,再,zài,again,1,
454,再见,zàijiàn,Bye,1,
455,在,zài,stay; in process of,1,
456,在家,zài jiā,at home,1,
457,早,zǎo,early,1,
458,早饭,zǎo fàn,breakfast,1,
459,早上,zǎoshang,Morning,1,
460,怎么,zěnme,How,1,
461,站（名）,zhàn,station,1,
462,找,zhǎo,look for,1,
463,找到,zhǎo dào,find,1,
464,这,zhè,Here (here),1,
465,这边,zhè biān,here,1,
466,这里,zhè lǐ,here,1,
467,这儿,zhèr,here,1,
468,这些,zhè xiē,these,1,
469,着,zhe,in process of,1,
470,真,zhēn,really,1,
471,真的,zhēn de,really,1,
472,正（副）,zhèng,just; exactly,1,
473,正在,zhèngzài,in process of,1,
474,知道,zhīdào,know,1,
475,知识,zhīshi,knowledge,1,
476,中,zhōng,middle; in,1,
477,中国,zhōngguó,China,1,
478,中间,zhōngjiān,Middle,1,
479,中文,zhōngwén,Chinese,1,
480,中午,zhōngwǔ,Noon,1,
481,中学,zhōng xué,middle school,1,
482,中学生,zhōng xué shēng,middle School student,1,
483,重,zhòng,heavy,1,
484,重要,zhòngyào,important,1,
485,住,zhù,live,1,
486,准备,zhǔnbèi,Get ready,1,
487,桌子,zhuōzi,Table,1,
488,字,zì,"word, character",1,
489,子（桌子）,zi （ zhuō zi ）,noun suffix (table),1,
490,走,zǒu,"go, walk",1,
491,走路,zǒu lù,walk,1,
492,最,zuì,most,1,
493,最好,zuìhǎo,Best,1,
494,最后,zuìhòu,Last,1,
495,昨天,zuótiān,Yesterday,1,
496,左,zuǒ,left,1,
497,左边,zuǒbian,left,1,
498,坐,zuò,sit,1,
499,坐下,zuò xià,sit down,1,
500,做,zuò,do,1,
1,啊,a,auxiliary word,2,
2,爱情,àiqíng,Love,2,
3,爱人,ài rén,lover,2,
4,安静,ānjìng,Be quiet,2,
5,安全,ānquán,security,2,
6,白色,bái sè,white,2,
7,班长,bān zhǎng,monitor; squad leader,2,
8,办,bàn,do,2,
9,办法,bànfǎ,Way,2,
10,办公室,bàngōngshì,Office,2,
11,半夜,bàn yè,midnight,2,
12,帮助,bāngzhù,Help,2,
13,饱,bǎo,full,2,
14,报名,bàomíng,sign up,2,
15,报纸,bàozhǐ,Newspaper,2,
16,北方,běifāng,north,2,
17,背（动）,bēi,carry on the back; shoulder,2,
18,比如,bǐrú,such as,2,
19,比如说,bǐ rú shuō,for example,2,
20,笔,bǐ,pen,2,
21,笔记,bǐ jì,note; notes,2,
22,笔记本,bǐjìběn,Notebook,2,
23,必须,bìxū,Must,2,
24,边,biān,side,2,
25,变,biàn,change,2,
26,变成,biàn chéng,become; change into,2,
27,遍,biàn,Times,2,
28,表,biǎo,watch,2,
29,表示,biǎoshì,Express,2,
30,不错,bú cuò,not bad; pretty good,2,
31,不但,bú dàn,not only,2,
32,不够,bú gòu,not enough,2,
33,不过,búguò,However,2,
34,不太,bú tài,not too; not very much,2,
35,不要,bú yào,don’t,2,
36,不好意思,bù hǎo yì sī,sorry; feel embarrassed,2,
37,不久,bù jiǔ,soon,2,
38,不满,bù mǎn,dissatisfied,2,
39,不如,bùrú,not as good as,2,
40,不少,bù shǎo,not a few; a lot,2,
41,不同,bù tóng,different,2,
42,不行,bù xíng,no way; be out of the question,2,
43,不一定,bù yī dìng,not necessarily; uncertain,2,
44,不一会儿,bù yī huìr,in a moment; in a little while; soon,2,
45,部分,bùfen,Part,2,
46,才（副）,cái,only; just,2,
47,菜单,càidān,menu,2,
48,参观,cānguān,visit,2,
49,参加,cānjiā,participate in,2,
50,草,cǎo,grass,2,
51,草地,cǎo dì,grass; lawn,2,
52,层,céng,layer,2,
53,查,chá,search; check,2,
54,差不多,chàbuduō,Almost,2,
55,长,cháng,long,2,
56,常见,cháng jiàn,common,2,
57,常用,cháng yòng,in common use,2,
58,场,chǎng,site,2,
59,超过,chāoguò,Exceed,2,
60,超市,chāoshì,Supermarket,2,
61,车辆,chē liàng,car; vehicle,2,
62,称¹（动）,chēng,call; say,2,
63,成（动）,chéng,become; finish,2,
64,成绩,chéngjì,achievement,2,
65,成为,chéngwéi,Become,2,
66,重复,chóngfù,repeat,2,
67,重新,chóngxīn,again,2,
68,出发,chūfā,Set out,2,
69,出国,chū guó,go abroad,2,
70,出口（名）,chū kǒu,export,2,
71,出门,chū mén,go out,2,
72,出生,chūshēng,Birth,2,
73,出现,chūxiàn,Appear,2,
74,出院,chū yuàn,discharged; leave hospital,2,
75,出租,chū zū,rent,2,
76,出租车,chūzūchē,Taxi,2,
77,船,chuán,ship,2,
78,吹,chuī,blow,2,
79,春节,chūn jié,Spring Festival; Chinese New Year,2,
80,春天,chūn tiān,spring,2,
81,词,cí,word,2,
82,词典,cídiǎn,Dictionary,2,
83,词语,cíyǔ,terms,2,
84,从小,cóng xiǎo,from childhood,2,
85,答应,dāying,promise,2,
86,打工,dǎgōng,Work,2,
87,打算,dǎsuàn,Plan,2,
88,打印,dǎyìn,Print,2,
89,大部分,dà bù fèn,most,2,
90,大大,dà dà,greatly; enormously,2,
91,大多数,dà duō shù,most; great majority,2,
92,大海,dà hǎi,sea,2,
93,大家,dàjiā,everybody,2,
94,大量,dà liàng,a lot of; lots of,2,
95,大门,dà mén,door; gate,2,
96,大人,dà rén,adult,2,
97,大声,dà shēng,loud,2,
98,大小,dà xiǎo,size,2,
99,大衣,dà yī,overcoat,2,
100,大自然,dà zì rán,nature,2,
101,带,dài,belt,2,
102,带来,dài lái,bring,2,
103,单位,dānwèi,Company,2,
104,但,dàn,but; however,2,
105,但是,dàn shì,but; however,2,
106,蛋,dàn,egg,2,
107,当,dāng,When,2,
108,当时,dāngshí,at that time,2,
109,倒,dǎo,"fall, topple, fail",2,
110,到处,dàochù,everywhere,2,
111,倒,dào,inverted,2,
112,道,dào,road; way; path,2,
113,道理,dàolǐ,truth,2,
114,道路,dào lù,road; way; path,2,
115,得,dé,get,2,
116,得出,dé chū,obtain results; reach conclusion,2,
117,的话,de huà,if,2,
118,得,de,auxiliary verb,2,
119,灯,dēng,lamp,2,
120,等（助、名）,děng,etc.; and so on,2,
121,等到,děng dào,wait until; by the time,2,
122,等于,děngyú,Be equal to,2,
123,低,dī,low,2,
124,地球,dìqiú,earth,2,
125,地铁,dìtiě,metro,2,
126,地铁站,dì tiě zhàn,subway station,2,
127,点头,diǎn tóu,nod,2,
128,店,diàn,shop; store,2,
129,掉,diào,fall,2,
130,东北,dōng běi,northeast,2,
131,东方,dōng fāng,east,2,
132,东南,dōng nán,southeast,2,
133,冬天,dōng tiān,winter,2,
134,懂,dǒng,understand,2,
135,懂得,dǒng de,know; understand; comprehend,2,
136,动物,dòngwù,Animal,2,
137,动物园,dòng wù yuán,zoo,2,
138,读音,dú yīn,pronunciation,2,
139,度,dù,degree; limit,2,
140,短,duǎn,short,2,
141,短信,duǎnxìn,message,2,
142,段,duàn,paragraph,2,
143,队,duì,team,2,
144,队长,duì zhǎng,team leader; captain,2,
145,对（介、动）,duì,to; at; face; be opposite; answer,2,
146,对话,duìhuà,dialogue,2,
147,对面,duìmiàn,Opposite side,2,
148,多（副）,duō,much more; far more,2,
149,多久,duō jiǔ,how long,2,
150,多么,duōme,what,2,
151,多数,duō shù,most; majority,2,
152,多云,duō yún,cloudy,2,
153,而且,ér qiě,and,2,
154,发,fā,send out,2,
155,发现,fāxiàn,find,2,
156,饭馆,fàn guǎn,restaurant,2,
157,方便,fāngbiàn,convenient,2,
158,方便面,fāng biàn miàn,Instant noodles,2,
159,方法,fāngfǎ,Method,2,
160,方面,fāngmiàn,Aspect,2,
161,方向,fāngxiàng,direction,2,
162,放下,fàng xià,put down; lay down; drop,2,
163,放心,fàngxīn,Don’t worry,2,
164,分（动）,fēn,divide; part; distribute,2,
165,分开,fēn kāi,separate; part,2,
166,分数,fēn shù,score; mark; fraction,2,
167,分钟,fēnzhōng,Minute,2,
168,份,fèn,share,2,
169,封（量）,fēng,(measure word),2,
170,服务,fú wù,service,2,
171,复习,fùxí,Review,2,
172,该（动）,gāi,deserve; should; owe,2,
173,改,gǎi,change; correct; revise; switch over,2,
174,改变,gǎibiàn,change,2,
175,干杯,gānbēi,Cheers!,2,
176,感到,gǎn dào,feel; sense,2,
177,感动,gǎndòng,Be moved,2,
178,感觉,gǎnjué,feel,2,
179,感谢,gǎnxiè,Thank,2,
180,干活儿,gànhuór,work on a job,2,
181,刚,gāng,just,2,
182,刚才,gāngcái,just,2,
183,刚刚,gāng gāng,just; only; just a moment ago,2,
184,高级,gāojí,senior,2,
185,高中,gāo zhōng,senior high school,2,
186,个子,gèzi,Height,2,
187,更,gèng,more,2,
188,公共汽车,gōnggòngqìchē,Bus,2,
189,公交车,gōng jiāo chē,bus,2,
190,公斤,gōngjīn,Kg.,2,
191,公里,gōnglǐ,kilometre,2,
192,公路,gōng lù,highway; highroad,2,
193,公平,gōngpíng,fair,2,
194,公司,gōngsī,company,2,
195,公园,gōngyuán,Park,2,
196,狗,gǒu,Dog,2,
197,够,gòu,enough,2,
198,故事,gùshi,Story,2,
199,故意,gùyì,deliberately,2,
200,顾客,gùkè,customer,2,
201,关机,guān jī,shutdown,2,
202,关心,guānxīn,Care for,2,
203,观点,guāndiǎn,viewpoint,2,
204,广场,guǎngchǎng,square,2,
205,广告,guǎnggào,Advertisement,2,
206,国际,guójì,international,2,
207,过来,guò lái,come; come over,2,
208,过年,guò nián,celebrate the New Year,2,
209,过去（动）,guò qù,go over; pass by,2,
210,过,guò,cross; pass; spend; live,2,
211,海,hǎi,sea,2,
212,海边,hǎi biān,seaside,2,
213,喊,hǎn,shout,2,
214,好（副）,hǎo,well; fine; okay,2,
215,好处,hǎochu,benefit,2,
216,好多,hǎo duō,many; a lot of,2,
217,好久,hǎo jiǔ,for a long time; long,2,
218,好人,hǎo rén,good person,2,
219,好事,hǎo shì,good deed; good thing,2,
220,好像,hǎoxiàng,Be like,2,
221,合适,héshì,appropriate,2,
222,河,hé,river,2,
223,黑,hēi,black,2,
224,黑板,hēibǎn,blackboard,2,
225,黑色,hēi sè,black,2,
226,红,hóng,red,2,
227,红色,hóng sè,red,2,
228,后来,hòulái,later,2,
229,忽然,hūrán,suddenly,2,
230,湖,hú,lake,2,
231,护照,hùzhào,passport,2,
232,花（动）,huā,spend; expend,2,
233,花园,huā yuán,garden,2,
234,画,huà,painting,2,
235,画家,huà jiā,painter; artist,2,
236,画儿,huàr,painting; drawing,2,
237,坏处,huài chù,disadvantage; harm,2,
238,坏人,huài rén,bad person,2,
239,欢迎,huānyíng,Welcome,2,
240,换,huàn,change,2,
241,黄,huáng,yellow,2,
242,黄色,huáng sè,yellow,2,
243,回（量）,huí,(measure word),2,
244,回国,huí guó,return home from abroad,2,
245,会（名）,huì,meeting; gathering; conference; union; party,2,
246,活动,huódòng,activity,2,
247,或,huò,or,2,
248,或者,huòzhě,perhaps,2,
249,机会,jīhuì,Opportunity,2,
250,鸡,jī,chicken,2,
251,级,jí,level; rank; grade; degree; step,2,
252,急,jí,fast; anxious; urgent; annoyed,2,
253,计划,jìhuà,plan,2,
254,计算机,jì suàn jī,computer,2,
255,加,jiā,add; increase; put in,2,
256,加油,jiā yóu,oil; refuel; make an all-out effort,2,
257,家（科学家）,jiā,noun suffix (scientist),2,
258,家庭,jiātíng,Family,2,
259,家长,jiā zhǎng,parent; the head of the family,2,
260,假,jiǎ,FALSE,2,
261,假期,jià qī,holiday; vacation,2,
262,检查,jiǎnchá,inspect; check,2,
263,见到,jiàn dào,see,2,
264,见过,jiàn guò,seen; have seen,2,
265,件,jiàn,piece,2,
266,健康,jiànkāng,Healthy,2,
267,讲,jiǎng,speak,2,
268,讲话,jiǎng huà,speak; talk,2,
269,交,jiāo,hand over,2,
270,交给,jiāo gěi,hand over,2,
271,交朋友,jiāo péng yǒu,make friends,2,
272,交通,jiāotōng,traffic,2,
273,角,jiǎo,horn,2,
274,角度,jiǎodù,angle,2,
275,饺子,jiǎozi,Dumplings,2,
276,脚,jiǎo,foot,2,
277,叫作,jiào zuò,be called; be known as,2,
278,教师,jiào shī,teacher,2,
279,教室,jiàoshì,Classroom,2,
280,教学,jiào xué,teach,2,
281,教育,jiàoyù,education,2,
282,接,jiē,meet， pick,2,
283,接到,jiē dào,receive,2,
284,接受,jiēshòu,accept,2,
285,接下来,jiē xià lái,next,2,
286,接着,jiēzhe,Next,2,
287,街,jiē,street,2,
288,节（名、量）,jié,festival; holiday; joint; (measure word),2,
289,节目,jiémù,program,2,
290,节日,jiérì,festival,2,
291,结果,jiéguǒ,Result,2,
292,借,jiè,borrow,2,
293,斤,jīn,a unit of weight (=1/2 kilogram),2,
294,今后,jīn hòu,from now on; in the future,2,
295,进入,jìn rù,enter; go in; join,2,
296,进行,jìnxíng,Conduct,2,
297,近,jìn,near,2,
298,经常,jīngcháng,Often,2,
299,经过,jīngguò,"after, through",2,
300,经理,jīnglǐ,manager,2,
301,酒,jiǔ,alcohol; liqueur,2,
302,酒店,jiǔ diàn,hotel,2,
303,就要,jiù yào,be going to; be about to,2,
304,举,jǔ,lift,2,
305,举手,jǔ shǒu,raise one’s hand or hands,2,
306,举行,jǔxíng,hold,2,
307,句,jù,sentence,2,
308,句子,jùzi,sentence,2,
309,卡,kǎ,card,2,
310,开机,kāi jī,starting up,2,
311,开心,kāixīn,Happy,2,
312,开学,kāi xué,school opens; term begins,2,
313,看法,kànfǎ,view,2,
314,考生,kǎo shēng,examinee,2,
315,靠,kào,lean,2,
316,科,kē,subject; family; section,2,
317,科学,kēxué,science,2,
318,可爱,kě’ài,Lovely,2,
319,可能,kěnéng,Probably,2,
320,可怕,kěpà,dreadful,2,
321,可是,kěshì,however,2,
322,可以,kěyǐ,Sure,2,
323,克,kè,gram,2,
324,刻（量）,kè,a quarter (of an hour),2,
325,客人,kèrén,Guest,2,
326,课堂,kè táng,classroom,2,
327,空气,kōngqì,atmosphere,2,
328,哭,kū,cry,2,
329,快餐,kuài cān,fast food,2,
330,快点儿,kuài diǎnr,hurry up,2,
331,快乐,kuàilè,happy,2,
332,快要,kuài yào,be about to; be going to,2,
333,筷子,kuàizi,chopsticks,2,
334,拉,lā,pull,2,
335,来自,láizì,Come from,2,
336,蓝,lán,blue,2,
337,蓝色,lán sè,blue,2,
338,篮球,lán qiú,basketball,2,
339,老（副）,lǎo,always; constantly,2,
340,老（老王）,lǎo （ lǎo wáng ）,noun prefix (Lao Wang),2,
341,老年,lǎo nián,elderly,2,
342,老朋友,lǎo péng yǒu,old friend,2,
343,老是,lǎo shì,always; all times,2,
344,离,lí,leave,2,
345,离开,líkāi,leave,2,
346,礼物,lǐwù,gift,2,
347,里头,lǐ tou,inside,2,
348,理想,lǐxiǎng,ideal,2,
349,例如,lìrú,for example,2,
350,例子,lì zi,example,2,
351,脸,liǎn,face,2,
352,练,liàn,practice; train,2,
353,练习,liànxí,Practice,2,
354,凉,liáng,cool,2,
355,凉快,liángkuai,Pleasantly cool,2,
356,两（量）,liǎng,a unit of weight (=50 grams),2,
357,亮,liàng,bright,2,
358,辆,liàng,Car (measure word),2,
359,零下,líng xià,below zero,2,
360,留,liú,stay,2,
361,留下,liú xià,stay; remain,2,
362,留学生,liú xué shēng,student studying abroad; returned student,2,
363,流,liú,flow; spread,2,
364,流利,liúlì,fluent,2,
365,流行,liúxíng,Popular,2,
366,路边,lù biān,roadside; wayside,2,
367,旅客,lǚ kè,passenger; traveler,2,
368,旅行,lǚxíng,travel,2,
369,旅游,lǚyóu,Tourism,2,
370,绿,lǜ,green,2,
371,绿色,lǜ sè,green,2,
372,卖,mài,sell,2,
373,满,mǎn,full,2,
374,满意,mǎnyì,Satisfied,2,
375,猫,māo,cat,2,
376,米（量）,mǐ,meter,2,
377,面¹（名、量）,miàn ¹,(measure word); side; aspect,2,
378,面²（名）,miàn ²,face; surface; outside; side; scale; flour,2,
379,面前,miàn qián,in front of; before,2,
380,名,míng,name,2,
381,名称,míng chēng,name; designation,2,
382,名单,míng dān,list,2,
383,明星,míngxīng,Star,2,
384,目的,mùdì,objective,2,
385,拿出,ná chū,take out,2,
386,拿到,ná dào,get,2,
387,那（连）,nà,then; in that case,2,
388,那会儿,nà huìr,at that time; then,2,
389,那么,nà me,like that; in that way,2,
390,那时候｜那时,nà shí hou ｜ nà shí,at that time,2,
391,那样,nà yàng,that kind; like that; such,2,
392,南方,nán fāng,south,2,
393,难过,nánguò,Sorry,2,
394,难看,nán kàn,ugly,2,
395,难受,nánshòu,Uncomfortable,2,
396,难题,nán tí,problem; difficult problem; puzzle,2,
397,难听,nán tīng,unpleasant to hear,2,
398,能够,néng gòu,be able to; can,2,
399,年级,niánjí,grade,2,
400,年轻,niánqīng,Young,2,
401,鸟,niǎo,bird,2,
402,弄,nòng,"get, make",2,
403,努力,nǔlì,Strive,2,
404,爬,pá,climb; creep; scramble,2,
405,爬山,páshān,Mountain climbing,2,
406,怕（动）,pà,be afraid; fear; dread,2,
407,排（名、量）,pái,row; line,2,
408,排队,páiduì,queue; stand in a line,2,
409,排球,pái qiú,volleyball,2,
410,碰,pèng,"touch, meet",2,
411,碰到,pèng dào,meet; run into; bump into,2,
412,碰见,pèng jiàn,meet; run into; bump into,2,
413,篇,piān,piece,2,
414,便宜,piányi,Cheap,2,
415,片,piàn,slice,2,
416,漂亮,piàoliang,Well done!； beautiful,2,
417,平,píng,flat,2,
418,平安,píng’ān,sound and safe,2,
419,平常,píngcháng,Usual,2,
420,平等,píngděng,equality,2,
421,平时,píngshí,peacetime,2,
422,瓶,píng,bottle,2,
423,瓶子,píngzi,Bottle,2,
424,普通,pǔ tōng,ordinary; general; average; common,2,
425,普通话,pǔtōnghuà,Mandarin,2,
426,其他,qítā,Other,2,
427,其中,qízhōng,among,2,
428,骑,qí,ride,2,
429,骑车,qí chē,cycle,2,
430,起飞,qǐfēi,take off,2,
431,气,qì,air; gas; breath,2,
432,气温,qì wēn,air temperature,2,
433,千,qiān,thousand,2,
434,千克,qiān kè,kilogram,2,
435,前年,qián nián,the year before last,2,
436,墙,qiáng,wall,2,
437,青年,qīng nián,youth; young,2,
438,青少年,qīngshàonián,Teenagers,2,
439,轻,qīng,light,2,
440,清楚,qīngchu,clear,2,
441,晴,qíng,Sunny,2,
442,晴天,qíng tiān,sunny day,2,
443,请客,qǐng kè,stand treat; entertain,2,
444,请求,qǐngqiú,request,2,
445,秋天,qiū tiān,fall; autumn,2,
446,求,qiú,request; beg; entreat; beseech,2,
447,球场,qiú chǎng,court; field,2,
448,球队,qiú duì,team,2,
449,球鞋,qiú xié,sneakers; gym shoes,2,
450,取,qǔ,take,2,
451,取得,qǔ dé,acquire; gain; obtain,2,
452,全,quán,whole; entire; complete,2,
453,全部,quánbù,whole,2,
454,全国,quán guó,nationwide; entire country,2,
455,全家,quán jiā,whole family,2,
456,全年,quán nián,annual; yearly,2,
457,全身,quán shēn,whole body,2,
458,全体,quán tǐ,all; entire; whole,2,
459,然后,ránhòu,Then,2,
460,让,ràng,Give Way,2,
461,热情,rèqíng,Enthusiasm,2,
462,人口,rénkǒu,population,2,
463,人们,rén men,people,2,
464,人数,rén shù,number of people,2,
465,认为,rènwéi,think,2,
466,日报,rì bào,"daily, journal",2,
467,日子,rìzi,"life, days",2,
468,如果,rúguǒ,If,2,
469,入口,rùkǒu,Entrance,2,
470,商量,shāngliang,discuss,2,
471,商人,shāng rén,businessman,2,
472,上周,shàng zhōu,last week,2,
473,少数,shǎo shù,small number; few; minority,2,
474,少年,shào nián,juvenile; young person,2,
475,身边,shēn biān,at [by] one’s side,2,
476,什么样,shén me yàng,what kind,2,
477,生（动）,shēng,give birth; be born,2,
478,生词,shēng cí,new word,2,
479,生活,shēnghuó,Life,2,
480,声音,shēngyīn,voice,2,
481,省（名）,shěng,province,2,
482,省（动）,shěng,economize; save; omit; leave out,2,
483,十分,shífēn,very,2,
484,实际,shíjì,Actual,2,
485,实习,shíxí,Internship,2,
486,实现,shíxiàn,Realization,2,
487,实在,shízài,real; indeeed,2,
488,实在,shízai,done carefully,2,
489,食物,shíwù,food,2,
490,使用,shǐyòng,Use,2,
491,市,shì,city,2,
492,市长,shì zhǎng,mayor,2,
493,事情,shìqing,Thing,2,
494,收,shōu,collect,2,
495,收到,shōu dào,receive; obtain,2,
496,收入,shōurù,income,2,
497,手表,shǒubiǎo,Wrist Watch,2,
498,受到,shòudào,Suffer,2,
499,舒服,shūfu,comfortable,2,
500,熟,shú,ripe; cooked; familiar; skilled,2,
501,数,shǔ,to count,2,
502,数字,shùzì,number,2,
503,水平,shuǐpíng,level,2,
504,顺利,shùnlì,smoothly,2,
505,说明,shuōmíng,Explain,2,
506,司机,sījī,Driver,2,
507,送到,sòng dào,sent to (place),2,
508,送给,sòng gěi,give to (somebody or organization),2,
509,算,suàn,count; calculate,2,
510,虽然,suī rán,although; though,2,
511,随便,suíbiàn,casual,2,
512,随时,suíshí,at any time,2,
513,所以,suǒ yǐ,so,2,
514,所有,suǒyǒu,All,2,
515,它,tā,it,2,
516,它们,tā men,they,2,
517,太太,tàitai,Ma’am,2,
518,太阳,tàiyáng,sun,2,
519,态度,tàidu,attitude,2,
520,讨论,tǎolùn,discuss,2,
521,套,tào,set,2,
522,特别,tèbié,Especially,2,
523,特点,tèdiǎn,Characteristic,2,
524,疼,téng,hurt,2,
525,提,tí,carry,2,
526,提出,tí chū,put forward; propose; raise,2,
527,提到,tí dào,mention; refer to,2,
528,提高,tígāo,"increase, promote",2,
529,题,tí,topic,2,
530,体育,tǐyù,Sports,2,
531,体育场,tǐ yù chǎng,stadium,2,
532,体育馆,tǐ yù guǎn,stadium; gymnasium; gym,2,
533,天上,tiān shàng,the sky; heaven,2,
534,条,tiáo,strip,2,
535,条件,tiáojiàn,condition,2,
536,听讲,tīng jiǎng,attend a lecture; listen to a talk,2,
537,听说,tīng shuō,be told; hear of,2,
538,停,tíng,Stop,2,
539,停车,tíng chē,park,2,
540,停车场,tíng chē chǎng,parking lot,2,
541,挺（副）,tǐng,very; quite; pretty; rather,2,
542,挺好,tǐng hǎo,very good; not half bad,2,
543,通,tōng,through; common; all; understand; expert,2,
544,通过,tōngguò,adopt,2,
545,通知,tōngzhī,notice,2,
546,同时,tóngshí,meanwhile,2,
547,同事,tóngshì,Colleague,2,
548,同样,tóng yàng,same,2,
549,头（名、量）,tóu,head; beginning or end; side; (measure word),2,
550,头（里头）,tóu,suffix (inside),2,
551,头发,tóufa,Hair,2,
552,图片,tú piàn,picture; photograph,2,
553,推,tuī,push,2,
554,腿,tuǐ,leg,2,
555,外地,wài dì,other places; nonlocal,2,
556,外卖,wài mài,takeaway; take out,2,
557,完,wán,finish,2,
558,完成,wánchéng,complete,2,
559,完全,wánquán,completely,2,
560,晚安,wǎn ān,good night,2,
561,晚报,wǎn bào,evening paper; evening news,2,
562,晚餐,wǎn cān,dinner; supper,2,
563,晚会,wǎn huì,evening party,2,
564,碗,wǎn,bowl,2,
565,万,wàn,ten thousand,2,
566,网,wǎng,net; network,2,
567,网球,wǎngqiú,Tennis,2,
568,网站,wǎngzhàn,website,2,
569,往,wǎng,to,2,
570,为,wèi,by,2,
571,为什么,wèishénme,Why,2,
572,位,wèi,person (measure word),2,
573,味道,wèidào,taste,2,
574,喂（叹）,wèi,hello; hey,2,
575,温度,wēndù,temperature,2,
576,闻,wén,smell,2,
577,问路,wèn lù,ask for directions,2,
578,问题,wèntí,problem,2,
579,午餐,wǔ cān,lunch,2,
580,午睡,wǔ shuì,nap,2,
581,西北,xī běi,northwest,2,
582,西餐,xī cān,western food,2,
583,西方,xī fāng,west,2,
584,西南,xī nán,southwest,2,
585,西医,xī yī,western medicine,2,
586,习惯,xíguàn,Habit,2,
587,洗衣机,xǐ yī jī,washing machine,2,
588,洗澡,xǐzǎo,Take a shower,2,
589,下（量）,xià,(measure word),2,
590,下雪,xià xuě,snow; snowing,2,
591,下周,xià zhōu,next week,2,
592,夏天,xià tiān,summer,2,
593,相同,xiāngtóng,identical,2,
594,相信,xiāngxìn,believe,2,
595,响,xiǎng,loud,2,
596,想到,xiǎng dào,think of; call to mind; have at heart,2,
597,想法,xiǎng fǎ,idea; opinion;thought,2,
598,想起,xiǎng qǐ,remember; recall; think of; call to mind,2,
599,向,xiàng,towards,2,
600,相机,xiàng jī,camera,2,
601,像（动）,xiàng,be like; resemble; look like; such as,2,
602,小（小王）,xiǎo （ xiǎo wáng ）,prefix (Xiao Wang),2,
603,小声,xiǎo shēng,in a low voice; in whispers,2,
604,小时候,xiǎo shí hou,in one’s childhood; when one was young,2,
605,小说,xiǎoshuō,Novel,2,
606,小心,xiǎoxīn,Look out,2,
607,小组,xiǎo zǔ,group,2,
608,校园,xiào yuán,campus; schoolyard,2,
609,校长,xiàozhǎng,Principal,2,
610,笑话,xiàohua,joke,2,
611,笑话儿,xiào huàr,joke,2,
612,鞋,xié,shoes,2,
613,心里,xīn lǐ,in the heart; at heart,2,
614,心情,xīnqíng,mood,2,
615,心中,xīn zhōng,in the heart; at heart; in mind,2,
616,新闻,xīnwén,news,2,
617,信（名）,xìn,letter; mail; faith,2,
618,信号,xìnhào,signal,2,
619,信息,xìnxī,information,2,
620,信心,xìnxīn,confidence,2,
621,信用卡,xìnyòngkǎ,Credit card,2,
622,星星,xīng xing,star,2,
623,行动,xíngdòng,Get some action,2,
624,行人,xíngrén,pedestrian,2,
625,行为,xíngwéi,behavior,2,
626,姓,xìng,surname,2,
627,姓名,xìng míng,full name,2,
628,休假,xiū jià,have a holiday; take a vacation; be on furlough,2,
629,许多,xǔduō,many,2,
630,选,xuǎn,choose; select; pick,2,
631,学期,xuéqī,Semester,2,
632,雪,xuě,Snow,2,
633,颜色,yánsè,colour,2,
634,眼,yǎn,eye,2,
635,眼睛,yǎnjing,Eye,2,
636,养,yǎng,raise; keep; support; cultivate,2,
637,样子,yàngzi,A look,2,
638,要求,yāoqiú,Requirement,2,
639,药,yào,drug,2,
640,药店,yào diàn,pharmacy,2,
641,药片,yào piàn,pill,2,
642,药水,yào shuǐ,liquid medicine; potion,2,
643,也许,yěxǔ,perhaps,2,
644,夜,yè,night,2,
645,夜里,yè lǐ,at night,2,
646,一部分,yí bù fèn,a part; a portion,2,
647,一定,yídìng,Certain,2,
648,一共,yígòng,Altogether,2,
649,一会儿（副）,yí huìr,awhile; in a moment; presently,2,
650,一路平安,yí lù píng ān,safe journey; have a pleasant journey,2,
651,一路顺风,yí lù shùn fēng,Bon voyage,2,
652,已经,yǐjīng,Already,2,
653,以后,yǐ hòu,after; later on; afterwards; later,2,
654,以前,yǐqián,before,2,
655,以上,yǐ shàng,above; over,2,
656,以外,yǐ wài,beyond; outside; other than; except,2,
657,以为,yǐwéi,Think,2,
658,以下,yǐ xià,below; under,2,
659,椅子,yǐzi,Chair,2,
660,一般,yìbān,commonly,2,
661,一点点,yì diǎn diǎn,a little bit,2,
662,一生,yì shēng,lifetime; all one’s life,2,
663,一直,yìzhí,always,2,
664,亿,yì,100 million,2,
665,意见,yìjiàn,Opinion,2,
666,意思,yìsi,Meaning,2,
667,因为,yīn wèi,because,2,
668,阴,yīn,Yin,2,
669,阴天,yīn tiān,cloudy day; overcast sky,2,
670,音节,yīn jié,syllable,2,
671,音乐,yīnyuè,Music,2,
672,音乐会,yīn yuè huì,concert,2,
673,银行,yínháng,Bank,2,
674,银行卡,yín háng kǎ,bank card,2,
675,应该,yīnggāi,Should,2,
676,英文,yīng wén,English,2,
677,英语,yīng yǔ,English,2,
678,影片,yǐng piàn,film; movie,2,
679,影响,yǐngxiǎng,Influence,2,
680,永远,yǒngyuǎn,forever,2,
681,油,yóu,oil; fat; grease,2,
682,游客,yóu kè,tourist; visitor,2,
683,友好,yǒuhǎo,friendly,2,
684,有空儿,yǒu kòngr,be free; at leisure,2,
685,有人,yǒu rén,someone; there’s someone,2,
686,有（一）点儿,yǒu （ yì ） diǎnr,a little bit,2,
687,有意思,yǒu yì si,interesting; significant,2,
688,又,yòu,also,2,
689,鱼,yú,fish,2,
690,语言,yǔyán,language,2,
691,原来,yuánlái,Original; formerly,2,
692,原因,yuányīn,Reason,2,
693,院,yuàn,yard; compound; courtyard; college,2,
694,院长,yuàn zhǎng,dean,2,
695,院子,yuàn zi,courtyard; yard,2,
696,愿意,yuànyì,Be willing,2,
697,月份,yuè fèn,month,2,
698,月亮,yuèliang,Moon,2,
699,越,yuè,The more,2,
700,越来越,yuè lái yuè,more and more,2,
701,云,yún,cloud,2,
702,运动,yùndòng,motion,2,
703,咱,zán,we; us,2,
704,咱们,zánmen,We,2,
705,脏,zāng,dirty,2,
706,早餐,zǎo cān,breakfast,2,
707,早晨,zǎo chén,morning,2,
708,早就,zǎo jiù,long since,2,
709,怎么办,zěn me bàn,how to; what to do,2,
710,怎么样,zěnmeyàng,How about,2,
711,怎样,zěn yàng,how,2,
712,占,zhàn,occupy,2,
713,站（动）,zhàn,stand; stop; halt,2,
714,站住,zhàn zhù,stop; halt,2,
715,长,zhǎng,grow,2,
716,长大,zhǎng dà,grow up,2,
717,找出,zhǎo chū,find out,2,
718,照顾,zhàogù,look after,2,
719,照片,zhàopiàn,Photo,2,
720,照相,zhào xiàng,take a picture; take a photograph,2,
721,这么,zhè me,so; such; this way; like this,2,
722,这时候｜这时,zhè shí hou ｜ zhè shí,at this moment; at this time,2,
723,这样,zhè yàng,so; such; like this; this way,2,
724,真正,zhēnzhèng,real,2,
725,正常,zhèngcháng,normal,2,
726,正好,zhènghǎo,Just right,2,
727,正确,zhèngquè,Correct,2,
728,正是,zhèng shì,exactly,2,
729,直接,zhíjiē,direct,2,
730,只,zhǐ,only; just; simply; merely,2,
731,只能,zhǐ néng,can only,2,
732,只要,zhǐyào,as long as,2,
733,纸,zhǐ,paper,2,
734,中餐,zhōng cān,Chinese food,2,
735,中级,zhōng jí,intermediate; middle-level,2,
736,中年,zhōng nián,middle age; middle-aged,2,
737,中小学,zhōng xiǎo xué,elementary and middle school,2,
738,中心,zhōngxīn,core,2,
739,中医,zhōng yī,Chinese Medicine,2,
740,重点,zhòngdiǎn,A key,2,
741,重视,zhòngshì,attach importance to,2,
742,周,zhōu,week,2,
743,周末,zhōumò,Weekend,2,
744,周年,zhōunián,anniversary,2,
745,主人,zhǔrén,master,2,
746,主要,zhǔyào,main,2,
747,住房,zhù fáng,housing; lodging,2,
748,住院,zhù yuàn,be in hospital; be hospitalized,2,
749,装,zhuāng,pretend,2,
750,准确,zhǔnquè,accuracy,2,
751,自己,zìjǐ,"Own, self",2,
752,自行车,zìxíngchē,Bicycle,2,
753,自由,zìyóu,free,2,
754,字典,zì diǎn,dictionary,2,
755,走过,zǒu guò,walk through; pass by,2,
756,走进,zǒu jìn,walk in,2,
757,走开,zǒu kāi,go away,2,
758,租,zū,rent,2,
759,组,zǔ,group,2,
760,组成,zǔchéng,Form,2,
761,组长,zǔ zhǎng,group leader,2,
762,嘴,zuǐ,mouth,2,
763,最近,zuìjìn,Lately,2,
764,作家,zuòjiā,writer,2,
765,作文,zuòwén,composition,2,
766,作业,zuòyè,"task, homework",2,
767,作用,zuòyòng,Effect,2,
768,座,zuò,Seat,2,
769,座位,zuòwèi,seat,2,
770,做到,zuò dào,accomplish; achieve,2,
771,做法,zuò fǎ,practice; behavior; way of doing a thing,2,
772,做饭,zuò fàn,cook,2,
1,爱心,àixīn,love,3,
2,安排,ānpái,arrange,3,
3,安装,ānzhuāng,install,3,
4,按,àn,press; push; check; restrain,3,
5,按照,ànzhào,according to,3,
6,把（介）,bǎ,(particle marking the following noun as a direct object),3,
7,把（量）,bǎ,(measure word),3,
8,把握,bǎwò,grasp,3,
9,白（副）,bái,without results; in vain; waste efforts,3,
10,白菜,bái cài,Chinese cabbage,3,
11,班级,bān jí,class,3,
12,搬,bān,turn; move,3,
13,搬家,bān jiā,move; move house,3,
14,板,bǎn,board; plank; shutter,3,
15,办理,bànlǐ,handle,3,
16,保,bǎo,defend; protect; keep; guarantee; ensure,3,
17,保安,bǎo ān,security guard; public security; ensure safety,3,
18,保持,bǎochí,keep,3,
19,保存,bǎocún,Preservation,3,
20,保护,bǎohù,protect,3,
21,保留,bǎoliú,Retain,3,
22,保险,bǎoxiǎn,Insurance,3,
23,保证,bǎozhèng,ensure,3,
24,报（名）,bào,newspaper; periodical; journal; report; telegram,3,
25,报到,bàodào,"register,check in",3,
26,报道,bàodào,report,3,
27,报告,bàogào,Presentation,3,
28,背,bèi,Back,3,
29,北部,běi bù,north,3,
30,背（名）,bèi,back of the body; back side of an object,3,
31,背后,bèi hòu,behind; at the back; in the rear,3,
32,被,bèi,cover,3,
33,被子,bèizi,quilt,3,
34,本来,běnlái,originally,3,
35,本领,běnlǐng,ability,3,
36,本事,běnshi,Skill,3,
37,比较,bǐjiào,compare,3,
38,比例,bǐlì,Proportion,3,
39,比赛,bǐsài,Match,3,
40,必然,bìrán,Inevitable,3,
41,必要,bìyào,necessary,3,
42,变化,biànhuà,change,3,
43,变为,biàn wéi,become; turn into; change into,3,
44,标题,biāotí,title; heading,3,
45,标准,biāozhǔn,standard,3,
46,表达,biǎodá,Expression,3,
47,表格,biǎogé,form,3,
48,表面,biǎomiàn,surface,3,
49,表明,biǎomíng,Indicate,3,
50,表现,biǎoxiàn,performance,3,
51,表演,biǎoyǎn,perform,3,
52,并（副、连）,bìng,and; also; equally; simultaneously; side by side,3,
53,并且,bìngqiě,also,3,
54,播出,bō chū,broadcast; on the air,3,
55,播放,bōfàng,play,3,
56,不必,bú bì,need not; not have to,3,
57,不断,búduàn,Constantly,3,
58,不论,bú lùn,whether; no matter; whether … or,3,
59,补,bǔ,repair; mend; patch; supply; make up for,3,
60,补充,bǔchōng,supplement,3,
61,不安,bù’ān,Uneasy,3,
62,不得不,bùdébù,Cannot but,3,
63,不光,bù guāng,not only,3,
64,不仅,bùjǐn,not only,3,
65,布,bù,cloth,3,
66,步,bù,step; stage; walk; foot,3,
67,部,bù,unit; ministry; department; part; section,3,
68,部门,bùmén,department,3,
69,部长,bù zhǎng,minister; head of a department,3,
70,才能,cái néng,talent; ability; gift,3,
71,采取,cǎiqǔ,"take, adpopt",3,
72,采用,cǎi yòng,put to use; adopt; use; employ,3,
73,彩色,cǎi sè,multicolour; colour,3,
74,曾经,céngjīng,once,3,
75,产生,chǎnshēng,produce,3,
76,长城,Chángchéng,The Great Wall,3,
77,长处,cháng chù,strength; forte; strong point,3,
78,长期,cháng qī,over a long period of time; long-term,3,
79,厂,chǎng,factory; mill; plant; works,3,
80,场合,chǎnghé,occasion,3,
81,场所,chǎngsuǒ,place,3,
82,超级,chāojí,super,3,
83,朝,cháo,towards,3,
84,吵,chǎo,Noisy,3,
85,吵架,chǎojià,quarrel,3,
86,衬衫,chènshān,shirt,3,
87,衬衣,chèn yī,shirt,3,
88,称为,chēng wéi,call; be called; be known as,3,
89,成功,chénggōng,Success,3,
90,成果,chéngguǒ,Achievements,3,
91,成就,chéngjiù,achievement,3,
92,成立,chénglì,establish,3,
93,成熟,chéngshú,mature,3,
94,成员,chéngyuán,member,3,
95,成长,chéngzhǎng,Grow up,3,
96,城,chéng,city; town,3,
97,城市,chéngshì,City,3,
98,程度,chéngdù,degree,3,
99,持续,chíxù,Continued,3,
100,充满,chōngmǎn,full of,3,
101,重,zhòng,heavy,3,
102,初,chū,beginning; start; basis; at the beginning of,3,
103,初（初一）,chū （chū yī）,prefix (first grade of junior high school ),3,
104,初步,chūbù,preliminary,3,
105,初级,chūjí,primary,3,
106,初中,chū zhōng,junior high school,3,
107,除了,chúle,except,3,
108,处理,chǔlǐ,Handle,3,
109,传,chuán,pass; pass on; hand down; impart; spread; transmit,3,
110,传播,chuánbō,spread,3,
111,传来,chuán lái,came; come through,3,
112,传说,chuánshuō,Legend,3,
113,创新,chuàngxīn,innovate,3,
114,创业,chuàngyè,carve out,3,
115,创造,chuàngzào,create,3,
116,创作,chuàngzuò,A literary creation,3,
117,从来,cónglái,Always,3,
118,从前,cóngqián,before,3,
119,从事,cóngshì,Be engaged in,3,
120,村,cūn,village; hamlet,3,
121,存,cún,Deposit,3,
122,存在,cúnzài,existence,3,
123,错误,cuòwù,error,3,
124,达到,dádào,Achieve,3,
125,打破,dǎ pò,break; smash,3,
126,打听,dǎting,Inquire,3,
127,大概,dàgài,Probably,3,
128,大使馆,dàshǐguǎn,Embassy,3,
129,大约,dàyuē,about,3,
130,大夫,dàifu,Doctor,3,
131,代,dài,substitute; replace; take the place of,3,
132,代表,dàibiǎo,representative,3,
133,代表团,dài biǎo tuán,delegation; mission; deputation,3,
134,带动,dài dòng,drive; spur,3,
135,带领,dàilǐng,lead,3,
136,单元,dānyuán,unit,3,
137,当初,dāngchū,Original,3,
138,当地,dāngdì,Local,3,
139,当然,dāngrán,Of course,3,
140,当中,dāng zhōng,among; in the middle; in the centre,3,
141,刀,dāo,knife,3,
142,导演,dǎoyǎn,director,3,
143,到达,dàodá,Arrive,3,
144,到底,dàodǐ,To the end,3,
145,得分,dé fēn,score,3,
146,等待,děngdài,wait for,3,
147,底下,dǐ xià,under; below; beneath,3,
148,地区,dìqū,region,3,
149,电视剧,diàn shì jù,TV series; television drama,3,
150,电视台,diàn shì tái,TV station,3,
151,电台,diàntái,radio station,3,
152,电子邮件,diànzǐyóujiàn,E-mail,3,
153,调,diào,transfer; shift; move,3,
154,调查,diàochá,investigation,3,
155,订,dìng,conclude; draw up; order; revise,3,
156,定期,dìngqī,regular,3,
157,东部,dōng bù,east,3,
158,动力,dònglì,"power, motivation",3,
159,动人,dòng rén,moving; touching,3,
160,读者,dú zhě,reader,3,
161,短处,duǎn chù,shortcoming; demerit,3,
162,短裤,duǎn kù,shorts,3,
163,短期,duǎn qī,short term,3,
164,断,duàn,break,3,
165,队员,duì yuán,team member,3,
166,对待,duìdài,treat,3,
167,对方,duìfāng,Other party,3,
168,对手,duìshǒu,Opponent,3,
169,对象,duìxiàng,object,3,
170,顿,dùn,Meal,3,
171,发表,fābiǎo,Publish,3,
172,发出,fā chū,issue; send out; give off; emit,3,
173,发达,fādá,developed,3,
174,发动,fādòng,Launch,3,
175,发明,fāmíng,Invention,3,
176,发生,fāshēng,Happen,3,
177,发送,fā sòng,send; transmit; dispatch; ship; forward,3,
178,发言,fāyán,speak,3,
179,发展,fāzhǎn,Development,3,
180,反对,fǎnduì,Opposition,3,
181,反复,fǎnfù,Repeatedly,3,
182,反应,fǎnyìng,reaction,3,
183,反正,fǎnzhèng,anyway,3,
184,范围,fànwéi,Range,3,
185,方式,fāngshì,mode,3,
186,防,fáng,guard against; defend,3,
187,防止,fángzhǐ,Prevent,3,
188,房东,fángdōng,landlord,3,
189,房屋,fáng wū,houses; buildings; tenement,3,
190,房租,fáng zū,rent,3,
191,访问,fǎngwèn,Visit,3,
192,放到,fàng dào,put to; put into,3,
193,飞行,fēi xíng,flight; flying,3,
194,费,fèi,fee; cost,3,
195,费用,fèi yòng,cost; expenses; outlay,3,
196,分别,fēnbié,part,3,
197,分配,fēnpèi,distribution,3,
198,分组,fēn zǔ,grouping,3,
199,丰富,fēngfù,rich,3,
200,风险,fēngxiǎn,risk,3,
201,否定,fǒudìng,negative,3,
202,否认,fǒurèn,deny,3,
203,服装,fúzhuāng,costume; dress,3,
204,福,fú,blessing; good fortune,3,
205,父母,fù mǔ,father and mother; parents,3,
206,父亲,fùqīn,father,3,
207,付,fù,pay; commit; hand over,3,
208,负责,fùzé,Be responsible for,3,
209,复印,fùyìn,To copy,3,
210,复杂,fùzá,complex,3,
211,富,fù,rich,3,
212,改进,gǎijìn,Improvement,3,
213,改造,gǎi zào,transform; reform,3,
214,概念,gàiniàn,concept,3,
215,赶,gǎn,catch up with,3,
216,赶到,gǎn dào,arrived; get to,3,
217,赶紧,gǎnjǐn,Quickly,3,
218,赶快,gǎnkuài,Come on,3,
219,敢,gǎn,dare,3,
220,感冒,gǎnmào,Cold,3,
221,感情,gǎnqíng,feeling,3,
222,感受,gǎnshòu,feel,3,
223,干吗,gàn má,Why,3,
224,高速,gāo sù,high speed,3,
225,高速公路,gāosùgōnglù,Expressway,3,
226,告别,gàobié,farewell,3,
227,歌迷,gē mí,fan,3,
228,歌声,gē shēng,singing,3,
229,歌手,gē shǒu,singer; vocalist,3,
230,个人,gèrén,personal,3,
231,个性,gèxìng,personality,3,
232,各,gè,various,3,
233,各地,gè dì,various regions; everywhere,3,
234,各位,gè wèi,everybody,3,
235,各种,gè zhǒng,all kinds; various; every kind,3,
236,各自,gèzì,Each,3,
237,根本,gēnběn,at all,3,
238,更加,gèng jiā,more; even more,3,
239,工厂,gōngchǎng,factory,3,
240,工程师,gōngchéngshī,Engineer,3,
241,工夫,gōng fu,time,3,
242,工具,gōngjù,tool,3,
243,工业,gōngyè,Industry,3,
244,工资,gōngzī,wages,3,
245,公布,gōngbù,Publish,3,
246,公共,gōng gòng,public; common; community,3,
247,公开,gōngkāi,open,3,
248,公民,gōngmín,citizen,3,
249,公务员,gōng wù yuán,civil servant; public functionary,3,
250,功夫,gōngfu,Kungfu,3,
251,功课,gōng kè,homework; schoolwork; classwork,3,
252,功能,gōngnéng,function,3,
253,共同,gòngtóng,common,3,
254,共有,gòng yǒu,have altogether; share; owned by all,3,
255,姑娘,gūniang,girl,3,
256,古,gǔ,ancient; old,3,
257,古代,gǔdài,Ancient,3,
258,故乡,gùxiāng,Hometown,3,
259,挂,guà,hang,3,
260,关系,guānxì,relationship,3,
261,关注,guān zhù,attention; follow with interest; pay close attention; show solicitude for,3,
262,观察,guānchá,observation,3,
263,观看,guān kàn,watch; view,3,
264,观念,guānniàn,concept,3,
265,观众,guānzhòng,Audience,3,
266,管,guǎn,control; be in charge of; manage; run,3,
267,管理,guǎnlǐ,Administration,3,
268,光,guāng,light,3,
269,光明,guāngmíng,light,3,
270,广播,guǎngbō,Radio broadcast,3,
271,广大,guǎngdà,Vast,3,
272,规定,guīdìng,Regulations,3,
273,规范,guīfàn,criterion; rule,3,
274,国内,guó nèi,domestic; internal,3,
275,国庆,guó qìng,National Day,3,
276,果然,guǒrán,Sure enough,3,
277,果汁,guǒzhī,fruit juice,3,
278,过程,guòchéng,process,3,
279,过去（名）,guò qù,past; old; foretime,3,
280,哈哈,hā hā,ha-ha,3,
281,海关,hǎiguān,Customs,3,
282,害怕,hàipà,Fear,3,
283,行,háng,row，line,3,
284,好好,hǎo hǎo,"really good, really nice",3,
285,好奇,hàoqí,Be curious,3,
286,合,hé,close; shut; be equal to; add up to; join,3,
287,合法,héfǎ,legitimate,3,
288,合格,hégé,qualified,3,
289,合理,hélǐ,reasonable,3,
290,合作,hézuò,cooperation,3,
291,和平,hépíng,peace,3,
292,红茶,hóng chá,black tea,3,
293,红酒,hóng jiǔ,red wine,3,
294,后果,hòuguǒ,Consequence,3,
295,后面,hòumiàn,behind,3,
296,后年,hòu nián,the year after next,3,
297,互联网,hùliánwǎng,Internet,3,
298,互相,hùxiāng,each other,3,
299,划船,huá chuán,row; paddle a boat; go boating,3,
300,华人,huá rén,Chinese; ethnic Chinese,3,
301,化（现代化）,huà （xiàn dài huà）,suffix (modernize; modernization),3,
302,话剧,huà jù,drama,3,
303,话题,huàtí,Topic of conversation,3,
304,欢乐,huānlè,Happy,3,
305,环,huán,ring; loop; link; annulus,3,
306,环保,huán bǎo,environmental protection,3,
307,环境,huánjìng,Environment,3,
308,会议,huìyì,Meeting,3,
309,会员,huì yuán,membership,3,
310,活,huó,live; save; work; living; alive,3,
311,火（名）,huǒ,fire; anger; temper,3,
312,机器,jīqì,machine,3,
313,积极,jījí,positive,3,
314,基本,jīběn,basic,3,
315,基本上,jī běn shàng,basically,3,
316,基础,jīchǔ,Basics,3,
317,及时,jíshí,timely,3,
318,…极了,… jí le,extremely; exceedingly,3,
319,集体,jítǐ,collective,3,
320,集中,jízhōng,focus,3,
321,计算,jìsuàn,Calculation,3,
322,记录,jìlù,Record,3,
323,记者,jìzhě,Reporter,3,
324,纪录,jìlù,Record,3,
325,纪念,jìniàn,Anniversary,3,
326,技术,jìshù,technology,3,
327,继续,jìxù,Continue,3,
328,加工,jiāgōng,machining,3,
329,加快,jiā kuài,speed up; accelerate,3,
330,加强,jiā qiáng,strengthen; reinforce,3,
331,家具,jiājù,furniture,3,
332,家属,jiāshǔ,family members,3,
333,家乡,jiāxiāng,Hometown,3,
334,价格,jiàgé,Price,3,
335,价钱,jià qián,price,3,
336,价值,jiàzhí,value,3,
337,架,jià,frame; rack; shelf; stand,3,
338,坚持,jiānchí,Insist,3,
339,坚决,jiānjué,firm,3,
340,坚强,jiānqiáng,Firm,3,
341,简单,jiǎndān,simple,3,
342,简直,jiǎnzhí,simply,3,
343,建,jiàn,build; construct; erect; establish; set up; found,3,
344,建成,jiàn chéng,built up,3,
345,建立,jiànlì,establish,3,
346,建设,jiànshè,build,3,
347,建议,jiànyì,proposal,3,
348,将近,jiāngjìn,nearly,3,
349,将来,jiānglái,future,3,
350,交费,jiāo fèi,pay,3,
351,交警,jiāo jǐng,traffic police,3,
352,交流,jiāoliú,Communication,3,
353,交往,jiāowǎng,affiliate with,3,
354,交易,jiāoyì,transaction,3,
355,叫（介）,jiào,(preposition),3,
356,较,jiào,compare; comparatively; relatively; fairly; quite; rather,3,
357,教材,jiàocái,teaching material,3,
358,教练,jiàoliàn,coach,3,
359,结实,jiēshi,strong,3,
360,接待,jiēdài,Reception,3,
361,接近,jiējìn,near,3,
362,节约,jiéyuē,save,3,
363,结合,jiéhé,Combination,3,
364,结婚,jiéhūn,marry,3,
365,结束,jiéshù,End,3,
366,解决,jiějué,Solve,3,
367,解开,jiě kāi,undo; untie; unfasten; unbutton,3,
368,金,jīn,gold,3,
369,金牌,jīn pái,gold medal,3,
370,仅,jǐn,only; merely; barely,3,
371,仅仅,jǐn jǐn,only; merely; barely,3,
372,尽量,jǐnliàng,as far as possible,3,
373,紧,jǐn,tight; close; urgent; strict,3,
374,紧急,jǐnjí,urgent,3,
375,紧张,jǐnzhāng,Nervous,3,
376,进步,jìnbù,progress,3,
377,进一步,jìn yí bù,go a step further; further,3,
378,进展,jìnzhǎn,evolve; get along,3,
379,近期,jìn qī,recent,3,
380,京剧,jīngjù,Beijing opera,3,
381,经济,jīngjì,Economics,3,
382,经历,jīnglì,experience,3,
383,经验,jīngyàn,experience,3,
384,经营,jīngyíng,Management,3,
385,精彩,jīngcǎi,Marvellous,3,
386,精神,jīngshén,"spirit, mind",3,
387,精神,jīngshen,"lively, vigour",3,
388,景色,jǐngsè,scenery,3,
389,警察,jǐngchá,Police,3,
390,静,jìng,silent; quiet; calm,3,
391,久,jiǔ,long,3,
392,旧,jiù,used,3,
393,救,jiù,save,3,
394,就是,jiù shì,precisely; exactly; just like,3,
395,就业,jiùyè,take up an occupation,3,
396,举办,jǔbàn,hold,3,
397,具体,jùtǐ,specific,3,
398,具有,jù yǒu,possess; have; be provided with,3,
399,剧场,jù chǎng,theater,3,
400,据说,jùshuō,allegedly,3,
401,决定,juédìng,Decision,3,
402,决赛,juésài,Finals,3,
403,决心,juéxīn,Determination,3,
404,绝对,juéduì,Absolutely,3,
405,咖啡,kāfēi,Coffee,3,
406,开发,kāifā,Development,3,
407,开放,kāifàng,To open up,3,
408,开始,kāishǐ,start,3,
409,开业,kāi yè,start business; open a private practice,3,
410,开展,kāizhǎn,Develop,3,
411,看起来,kàn qǐ lái,look like,3,
412,看上去,kàn shàng qù,seem,3,
413,考验,kǎoyàn,test,3,
414,科技,kē jì,science and technology,3,
415,可靠,kěkào,reliable,3,
416,可乐,kě lè,coke; cola,3,
417,克服,kèfú,Overcome,3,
418,客观,kèguān,objective,3,
419,课程,kèchéng,curriculum,3,
420,空,kōng,empty,3,
421,空调,kōngtiáo,Air conditioner,3,
422,恐怕,kǒngpà,I’m afraid,3,
423,空儿,kòngr,free time,3,
424,裤子,kùzi,trousers,3,
425,快速,kuài sù,fast; high-speed,3,
426,困,kùn,sleepy,3,
427,困难,kùnnán,difficulty,3,
428,浪费,làngfèi,Waste,3,
429,老百姓,lǎobǎixìng,Ordinary people,3,
430,老板,lǎobǎn,Boss,3,
431,老太太,lǎo tài tai,old lady,3,
432,老头儿,lǎo tóur,old man,3,
433,乐,lè,happy; laugh; cheerful,3,
434,乐观,lèguān,optimistic,3,
435,类,lèi,class; category; kind; type,3,
436,类似,lèisì,Similar,3,
437,离婚,líhūn,divorce,3,
438,里面,lǐ miàn,inside; interior,3,
439,理发,lǐfà,Haircut,3,
440,理解,lǐjiě,Understand,3,
441,理论,lǐlùn,theory,3,
442,理由,lǐyóu,Reason,3,
443,力,lì,power; force,3,
444,力量,lìliàng,Power,3,
445,立刻,lìkè,immediately,3,
446,利用,lìyòng,utilize,3,
447,连,lián,even,3,
448,连忙,liánmáng,Hurriedly,3,
449,连续,liánxù,serial,3,
450,连续剧,lián xù jù,series; soap opera,3,
451,联合,liánhé,union,3,
452,联合国,lián hé guó,United Nations,3,
453,联系,liánxì,contact,3,
454,凉水,liáng shuǐ,cold water; unboiled water,3,
455,了,le,past tense marker,3,
456,领,lǐng,lead; receive; get; understand,3,
457,领导,lǐngdǎo,Leader,3,
458,领先,lǐngxiān,keep ahead,3,
459,另外,lìngwài,in addition,3,
460,另一方面,lìng yì fāng miàn,on the other hand,3,
461,留学,liúxué,Overseas Study,3,
462,龙,lóng,dragon,3,
463,录,lù,record; write down; copy,3,
464,录音,lùyīn,Sound recording,3,
465,路线,lù xiàn,path; route; way; line,3,
466,旅馆,lǚ guǎn,hotel,3,
467,旅行社,lǚ xíng shè,travel agency,3,
468,绿茶,lǜ chá,green tea,3,
469,乱,luàn,chaos,3,
470,落后,luòhòu,backward,3,
471,麻烦,máfan,trouble,3,
472,马,mǎ,Horse,3,
473,满足,mǎnzú,satisfy,3,
474,慢慢,màn màn,slowly,3,
475,毛（名）,máo,a fractional unit of money in China; hair; fur,3,
476,毛病,máobìng,Trouble,3,
477,没用,méi yòng,useless,3,
478,媒体,méitǐ,media,3,
479,每,měi,each,3,
480,美,měi,beautiful; pretty,3,
481,美好,měi hǎo,fine; happy; glorious,3,
482,美丽,měilì,beautiful,3,
483,美食,měi shí,delicious food ; gourmet,3,
484,美术,měishù,Fine Arts,3,
485,美元,měi yuán,U.S. dollar,3,
486,迷,mí,fan; confused; be crazy about,3,
487,米（名）,mǐ,meter; rice,3,
488,面对,miànduì,Face,3,
489,面积,miànjī,The measure of area,3,
490,民间,mínjiān,nongovernmental,3,
491,民族,mínzú,Nation,3,
492,明确,míngquè,To make clear,3,
493,明显,míngxiǎn,obvious,3,
494,命运,mìngyùn,fate,3,
495,某,mǒu,some,3,
496,母亲,mǔqīn,mother,3,
497,木头,mùtou,wood,3,
498,目标,mùbiāo,target,3,
499,目前,mùqián,at present,3,
500,奶茶,nǎi chá,milk tea,3,
501,男子,nán zǐ,man; male,3,
502,南部,nán bù,south,3,
503,难道,nándào,could it be said that …,3,
504,难度,nán dù,difficulty,3,
505,内,nèi,within,3,
506,内容,nèiróng,content,3,
507,内心,nèi xīn,heart; inner centre,3,
508,能不能,néng bù néng,can or not,3,
509,能力,nénglì,ability,3,
510,年初,nián chū,beginning of the year,3,
511,年代,niándài,years,3,
512,年底,nián dǐ,end of the year,3,
513,年纪,niánjì,Age,3,
514,念,niàn,Read,3,
515,牛（名）,niú,cattle; ox; cow,3,
516,农村,nóngcūn,countryside,3,
517,农民,nóngmín,farmer,3,
518,农业,nóngyè,Agriculture,3,
519,女子,nǚ zǐ,woman; female,3,
520,暖和,nuǎnhuo,warm,3,
521,怕（副）,pà,perhaps; afraid,3,
522,拍,pāi,beat,3,
523,排（动）,pái,arrange; put in order; exclude; rehearse,3,
524,排名,pái míng,rank,3,
525,牌子,pái zi,brand; trademark; plate; sign,3,
526,派,pài,send,3,
527,判断,pànduàn,judge,3,
528,胖,pàng,fat,3,
529,跑步,pǎobù,Run,3,
530,配,pèi,match; mix; join; fit,3,
531,配合,pèihé,Coordination,3,
532,批评,pīpíng,criticism,3,
533,批准,pīzhǔn,Approval,3,
534,皮,pí,skin; leather; fur; cover; sheet,3,
535,皮包,pí bāo,purse; briefcase; portfolio,3,
536,啤酒,píjiǔ,Beer,3,
537,票价,piào jià,ticket price; fare,3,
538,评价,píngjià,evaluation,3,
539,苹果,píngguǒ,Apple,3,
540,破,pò,broken,3,
541,破坏,pòhuài,Destruction,3,
542,普遍,pǔbiàn,universal,3,
543,普及,pǔjí,Universal,3,
544,期,qī,period; time; term; expect,3,
545,齐,qí,together; uniform; neat; be level with,3,
546,其次,qícì,Secondly,3,
547,其实,qíshí,actually,3,
548,奇怪,qíguài,strange,3,
549,气候,qìhòu,climate,3,
550,千万,qiānwàn,Must,3,
551,前后,qián hòu,front and back; from start to finish; around,3,
552,前进,qián jìn,advance; go forward; march,3,
553,前面,qiánmiàn,Front,3,
554,前往,qián wǎng,go to; leave for; proceed,3,
555,强,qiáng,strong; powerful; better,3,
556,强大,qiáng dà,powerful; formidable; strong,3,
557,强调,qiángdiào,Emphasize,3,
558,强烈,qiángliè,strong,3,
559,桥,qiáo,Bridge,3,
560,巧,qiǎo,opportunely; skilful; deceitful,3,
561,亲,qīn,dear; close; intimate; relative,3,
562,亲切,qīnqiè,kind,3,
563,亲人,qīn rén,relative,3,
564,亲自,qīnzì,personally,3,
565,情感,qíng gǎn,feeling; emotion,3,
566,情况,qíngkuàng,Situation,3,
567,请教,qǐngjiào,Consult,3,
568,庆祝,qìngzhù,Celebrate,3,
569,球迷,qiúmí,fans (ball game),3,
570,区,qū,area; district; region,3,
571,区别,qūbié,Difference,3,
572,取消,qǔxiāo,cancel,3,
573,去世,qùshì,Death,3,
574,全场,quán chǎng,the whole audience,3,
575,全面,quánmiàn,comprehensive,3,
576,全球,quán qiú,global; the whole world,3,
577,缺,quē,be short of; lack,3,
578,缺点,quēdiǎn,shortcoming,3,
579,缺少,quēshǎo,Lack,3,
580,确保,quèbǎo,ensure,3,
581,确定,quèdìng,Determine,3,
582,确实,quèshí,Exactly,3,
583,裙子,qúnzi,skirt,3,
584,群,qún,group,3,
585,热爱,rè’ài,Ardently love,3,
586,热烈,rèliè,warm,3,
587,人才,réncái,talented person,3,
588,人工,réngōng,artificial,3,
589,人类,rénlèi,Human beings,3,
590,人民,rén mín,people,3,
591,人民币,rénmínbì,RMB,3,
592,人群,rén qún,crowd; throng,3,
593,人生,rénshēng,Life,3,
594,人员,rényuán,personnel,3,
595,认出,rèn chū,recognize; identify; make out,3,
596,认得,rèn dé,know; recognize,3,
597,认可,rènkě,certificate; ratify,3,
598,任（动）,rèn,appoint; assign,3,
599,任（连）,rèn,"no matter (how, what, etc.)",3,
600,任何,rènhé,"whatever, any",3,
601,任务,rènwu,task,3,
602,仍,réng,still; remain; yet,3,
603,仍然,réngrán,still,3,
604,日常,rìcháng,daily,3,
605,容易,róngyì,easily,3,
606,如何,rúhé,How,3,
607,散步,sànbù,Take a walk,3,
608,沙发,shāfā,Sofa,3,
609,沙子,shā zi,sand; grit,3,
610,伤,shāng,hurt; be harmful; be distressed; get sick of,3,
611,伤心,shāngxīn,Sad,3,
612,商品,shāngpǐn,commodity,3,
613,商业,shāngyè,business,3,
614,上来,shàng lái,come up,3,
615,上面,shàng miàn,above; on top of,3,
616,上去,shàng qù,go up,3,
617,上升,shàng shēng,rise; go up,3,
618,上衣,shàng yī,upper outer garment; jacket; coat,3,
619,设备,shèbèi,equipment,3,
620,设计,shèjì,Design,3,
621,设立,shèlì,Establish,3,
622,社会,shèhuì,Socioty,3,
623,身份证,shēn fèn zhèng,ID card,3,
624,深,shēn,deep,3,
625,深刻,shēnkè,profound,3,
626,深入,shēn rù,go deep into; thorough,3,
627,升,shēng,rise,3,
628,生（形）,shēng,unripe; green; living; raw; unfamiliar,3,
629,生产,shēngchǎn,production,3,
630,生存,shēngcún,Existence,3,
631,生动,shēngdòng,vivid,3,
632,生命,shēngmìng,life,3,
633,生意,shēngyi,business,3,
634,生长,shēngzhǎng,grow,3,
635,声明,shēngmíng,statement,3,
636,胜,shèng,win; defeat; beat; can bear; be superior,3,
637,胜利,shènglì,victory,3,
638,失去,shīqù,Lose,3,
639,石头,shítou,stone,3,
640,石油,shíyóu,petroleum,3,
641,时,shí,time; times; hour; season; tense,3,
642,时代,shídài,times,3,
643,时刻,shíkè,time,3,
644,实际上,shí jì shàng,actually,3,
645,实力,shílì,Strength,3,
646,实行,shíxíng,Implement,3,
647,实验,shíyàn,Experiment,3,
648,实验室,shí yàn shì,laboratory,3,
649,食品,shí pǐn,food; foodstuff,3,
650,使,shǐ,make,3,
651,始终,shǐzhōng,Throughout,3,
652,世纪,shìjì,century,3,
653,世界,shìjiè,world,3,
654,世界杯,shì jiè bēi,World Cup,3,
655,市场,shìchǎng,market,3,
656,事故,shìgù,Accident,3,
657,事件,shìjiàn,Event,3,
658,事实,shìshí,Fact,3,
659,事实上,shì shí shàng,in fact; actually,3,
660,事业,shìyè,career,3,
661,试题,shì tí,test questions,3,
662,试验,shìyàn,test,3,
663,适合,shìhé,Fit,3,
664,适应,shìyìng,Adapt,3,
665,适用,shì yòng,be applicable; be suitable,3,
666,室,shì,room,3,
667,收费,shōu fèi,collect fees; charge,3,
668,收看,shōu kàn,watch,3,
669,收听,shōu tīng,listen to; listen in,3,
670,收音机,shōuyīnjī,radio,3,
671,手续,shǒuxù,procedures,3,
672,手指,shǒuzhǐ,finger,3,
673,首都,shǒudū,capital,3,
674,首先,shǒuxiān,First,3,
675,受,shòu,be subjecte; suffer; receive; accept; stand,3,
676,受伤,shòushāng,Injured,3,
677,书架,shūjià,bookshelf,3,
678,输,shū,lose,3,
679,输入,shūrù,import; input,3,
680,熟人,shú rén,acquaintance,3,
681,属,shǔ,be born in the year of (one of the twelve animals); belong,3,
682,属于,shǔyú,belong to,3,
683,束,shù,beam,3,
684,数量,shùliàng,quantity,3,
685,双,shuāng,double,3,
686,双方,shuāngfāng,both sides,3,
687,思想,sīxiǎng,thought,3,
688,死,sǐ,die,3,
689,速度,sùdù,speed,3,
690,随,suí,follow; comply with; adapt,3,
691,所（名、量）,suǒ,place; office; spot; (measure word),3,
692,所长,suǒ zhǎng,superintendent,3,
693,台,tái,platform,3,
694,谈,tán,talk,3,
695,谈话,tán huà,conversation; talk; chat,3,
696,谈判,tánpàn,negotiation,3,
697,汤,tāng,soup,3,
698,糖,táng,sugar,3,
699,特色,tèsè,characteristic,3,
700,提前,tíqián,Advance,3,
701,提问,tíwèn,Put questions to,3,
702,题目,tímù,subject,3,
703,体会,tǐhuì,Experience,3,
704,体现,tǐxiàn,Reflect,3,
705,体验,tǐyàn,experience; taste,3,
706,天空,tiānkōng,sky,3,
707,甜,tián,sweet,3,
708,调,tiáo,suit well; mix; adjust; fit in perfectly,3,
709,调整,tiáozhěng,adjustment,3,
710,跳,tiào,jump; leap; skip; bounce,3,
711,跳高,tiào gāo,high jump,3,
712,跳舞,tiàowǔ,dance,3,
713,跳远,tiào yuǎn,long jump; broad jump,3,
714,铁,tiě,iron,3,
715,铁路,tiě lù,railway; railroad,3,
716,听力,tīng lì,hearing; aural comprehension,3,
717,听众,tīng zhòng,audience; listeners,3,
718,停止,tíng zhǐ,stop; cease; suspend; call off; halt,3,
719,通常,tōngcháng,usually,3,
720,通信,tōng xìn,communicate; correspond,3,
721,同意,tóngyì,Agree,3,
722,痛（形）,tòng,sore; painful; sad,3,
723,痛苦,tòngkǔ,Pain,3,
724,头（形）,tóu,lead; head,3,
725,头脑,tóu nǎo,mind; brain,3,
726,突出,tūchū,prominent,3,
727,突然,tūrán,suddenly,3,
728,图,tú,picture; chart; drawing; scheme; intention,3,
729,图画,tú huà,drawing; picture; painting,3,
730,土（名）,tǔ,soil; earth; land; ground,3,
731,团,tuán,group,3,
732,团结,tuánjié,Unite,3,
733,团体,tuántǐ,group,3,
734,推动,tuī dòng,promote; push forward; give impetus to,3,
735,推广,tuīguǎng,Extension,3,
736,推进,tuī jìn,advance; carry forward; push on; give impetus to,3,
737,推开,tuī kāi,push away,3,
738,退,tuì,retreat,3,
739,退出,tuì chū,drop out; quit; withdraw,3,
740,退休,tuìxiū,retire,3,
741,外交,wàijiāo,diplomacy,3,
742,外面,wài miàn,outside; outdoors; outward appearance,3,
743,外文,wài wén,foreign language,3,
744,完美,wánměi,perfect,3,
745,完善,wánshàn,"perfect, consummate",3,
746,完整,wánzhěng,complete,3,
747,玩具,wánjù,Toys,3,
748,往往,wǎngwǎng,Often,3,
749,危害,wēihài,Harm,3,
750,危险,wēixiǎn,danger,3,
751,为（动）,wéi,act as; become; be; mean,3,
752,为（介）,wèi,(preposition),3,
753,围,wéi,enclose; surround; circle,3,
754,伟大,wěidà,great,3,
755,卫生,wèi shēng,hygiene; health; sanitation,3,
756,卫生间,wèishēngjiān,toilet,3,
757,为了,wèile,in order to,3,
758,温暖,wēnnuǎn,warm,3,
759,文化,wénhuà,Culture,3,
760,文件,wénjiàn,file,3,
761,文明,wénmíng,civilization,3,
762,文学,wénxué,literature,3,
763,文章,wénzhāng,Article,3,
764,文字,wénzì,"writing, character",3,
765,握手,wòshǒu,Handshake,3,
766,屋子,wūzi,House,3,
767,武器,wǔqì,arms,3,
768,武术,wǔshù,A martial art,3,
769,舞台,wǔ tái,stage; arena,3,
770,西部,xī bù,west,3,
771,希望,xīwàng,hope,3,
772,系,xì,department,3,
773,下来,xià lái,come down; get down,3,
774,下面,xià miàn,below; under; next,3,
775,下去,xià qù,go down; descend; go on; continue,3,
776,先进,xiānjìn,advanced,3,
777,显得,xiǎnde,Appear,3,
778,显然,xiǎnrán,Obviously,3,
779,显示,xiǎnshì,display,3,
780,现场,xiànchǎng,scene,3,
781,现代,xiàndài,modern,3,
782,现金,xiànjīn,cash,3,
783,现实,xiànshí,reality,3,
784,现象,xiànxiàng,phenomenon,3,
785,线,xiàn,thread; string; wire; line; route,3,
786,相比,xiāng bǐ,compare; compare to,3,
787,相当,xiāngdāng,Quite,3,
788,相关,xiāngguān,correlate,3,
789,相互,xiāng hù,mutual; reciprocal; each other,3,
790,相似,xiāngsì,Be similar,3,
791,香,xiāng,fragrant,3,
792,香蕉,xiāngjiāo,Banana,3,
793,消费,xiāofèi,consumption,3,
794,消失,xiāoshī,disappear,3,
795,消息,xiāoxi,message,3,
796,效果,xiàoguǒ,Effect,3,
797,写作,xiězuò,writing,3,
798,血,xuè,blood,3,
799,心,xīn,heart; feeling; centre; core,3,
800,信（动）,xìn,believe; trust,3,
801,信封,xìnfēng,envelope,3,
802,信任,xìnrèn,trust,3,
803,行李,xíng lǐ,luggage; baggage,3,
804,形成,xíngchéng,formation,3,
805,形式,xíngshì,form,3,
806,形象,xíngxiàng,image,3,
807,形状,xíngzhuàng,shape,3,
808,幸福,xìngfú,happiness,3,
809,幸运,xìngyùn,Lucky,3,
810,性（积极性）,xìng （jī jí xìng）,as a suffix (positivity),3,
811,性别,xìngbié,Gender,3,
812,性格,xìnggé,character,3,
813,修,xiū,repair; build; embellish; study,3,
814,修改,xiūgǎi,modify,3,
815,需求,xūqiú,demand,3,
816,需要,xūyào,Need,3,
817,宣布,xuānbù,Announce,3,
818,宣传,xuānchuán,Propaganda,3,
819,选手,xuǎnshǒu,Player,3,
820,学费,xué fèi,tuition fee; tuition; school fee,3,
821,训练,xùnliàn,train,3,
822,压,yā,press; push; keep under control; bear down,3,
823,压力,yālì,pressure,3,
824,烟,yān,smoke; tobacco; be irritated by smoke,3,
825,眼前,yǎn qián,now; at the moment; before one’s eyes,3,
826,演,yǎn,play; act; perform,3,
827,演唱,yǎn chàng,sing,3,
828,演唱会,yǎn chàng huì,concert,3,
829,演出,yǎnchū,show,3,
830,演员,yǎnyuán,"performer, actor",3,
831,羊,yáng,sheep,3,
832,阳光,yángguāng,Sunshine,3,
833,要是,yàoshi,If,3,
834,衣架,yī jià,hanger; clothes stand; clothes tree,3,
835,一切,yíqiè,everything,3,
836,已,yǐ,already; afterwards,3,
837,以来,yǐlái,Since,3,
838,一方面,yì fāng miàn,on the one hand,3,
839,艺术,yìshù,Art,3,
840,意外,yìwài,Accident,3,
841,意义,yìyì,Significance,3,
842,因此,yīncǐ,therefore,3,
843,银,yín,silver,3,
844,银牌,yín pái,silver medal,3,
845,印象,yìnxiàng,impression,3,
846,应当,yīng dāng,should; ought to,3,
847,迎接,yíngjiē,"meet, pick, welcome",3,
848,营养,yíngyǎng,Nutrition,3,
849,赢,yíng,win,3,
850,影视,yǐng shì,film and television,3,
851,应用,yìngyòng,application,3,
852,优点,yōudiǎn,Advantage,3,
853,优势,yōushì,advantage,3,
854,由,yóu,from,3,
855,由于,yóuyú,Because,3,
856,邮件,yóu jiàn,mail; post; postal matter,3,
857,邮票,yóu piào,postage stamp; stamp,3,
858,邮箱,yóu xiāng,postbox; mailbox,3,
859,游,yóu,swim; wander; travel; tour,3,
860,游戏,yóuxì,Game,3,
861,游泳,yóuyǒng,Swimming,3,
862,有的是,yǒu de shì,have plenty of; there’s no lack of,3,
863,有利,yǒulì,favourable; beneficial,3,
864,有效,yǒu xiào,effective; valid,3,
865,预报,yùbào,prediction,3,
866,预防,yùfáng,Prevention,3,
867,预计,yù jì,expected; estimate,3,
868,预习,yùxí,Preview,3,
869,员（服务员）,yuán （fú wù yuán）,a person engaged in some field of activity (waiter; waitress; server),3,
870,员工,yuángōng,employee,3,
871,愿望,yuànwàng,desire,3,
872,约,yuē,appointment; agreement; arrange; restrict,3,
873,乐队,yuè duì,orchestra; band,3,
874,运输,yùnshū,transport,3,
875,杂志,zázhì,Magazine,3,
876,早已,zǎo yǐ,long ago; for a long time,3,
877,造,zào,make; build; create; produce,3,
878,造成,zàochéng,cause,3,
879,责任,zérèn,responsibility,3,
880,增加,zēngjiā,increase,3,
881,增长,zēng zhǎng,increase; grow,3,
882,展开,zhǎnkāi,Open,3,
883,张,zhāng,Zhang,3,
884,照,zhào,reflect,3,
885,者（志愿者）,zhě （zhì yuàn zhě）,suffix (volunteer),3,
886,真实,zhēnshí,real,3,
887,争,zhēng,contend; dispute; fight; strive; vie,3,
888,争取,zhēngqǔ,strive for,3,
889,整,zhěng,whole; all; entire; complete,3,
890,整个,zhěnggè,Whole,3,
891,整理,zhěnglǐ,Arrangement,3,
892,整齐,zhěngqí,neat,3,
893,整体,zhěngtǐ,Whole,3,
894,整天,zhěng tiān,all day long,3,
895,整整,zhěng zhěng,whole; full,3,
896,正（形）,zhèng,straight; upright; positive; correct; main,3,
897,正式,zhèngshì,formal,3,
898,证,zhèng,certificate; proof,3,
899,证件,zhèngjiàn,Certificates,3,
900,证据,zhèngjù,evidence,3,
901,证明,zhèngmíng,Prove,3,
902,支（量）,zhī,(measure word),3,
903,支持,zhīchí,Support,3,
904,支付,zhī fù,pay money; defray,3,
905,只,zhī,single; lonely,3,
906,直,zhí,straight,3,
907,直播,zhíbō,on live,3,
908,直到,zhí dào,until,3,
909,值,zhí,value; be worth,3,
910,值得,zhíde,Worth,3,
911,职工,zhí gōng,staff; worker,3,
912,职业,zhíyè,Occupation,3,
913,只好,zhǐhǎo,have to,3,
914,只是,zhǐ shì,merely; only; just,3,
915,只有,zhǐ yǒu,only,3,
916,指,zhǐ,finger,3,
917,指出,zhǐ chū,point out; indicate,3,
918,指导,zhǐdǎo,guidance,3,
919,至今,zhìjīn,so far,3,
920,至少,zhìshǎo,at least,3,
921,志愿,zhì yuàn,volunteer; aspiration; wish,3,
922,志愿者,zhìyuànzhě,Volunteer,3,
923,制定,zhìdìng,Formulate,3,
924,制度,zhìdù,system,3,
925,制造,zhìzào,Manufacture,3,
926,制作,zhìzuò,Make,3,
927,中部,zhōng bù,central section; middle part,3,
928,中华民族,zhōng huá mín zú,Chinese nation,3,
929,终于,zhōngyú,finally,3,
930,钟,zhōng,bell; clock; call bell; time,3,
931,种,zhǒng,species,3,
932,种子,zhǒngzi,seed,3,
933,重大,zhòngdà,significant,3,
934,周围,zhōuwéi,around,3,
935,猪,zhū,pig,3,
936,主持,zhǔchí,Host,3,
937,主动,zhǔdòng,active,3,
938,主任,zhǔrèn,Headmaster,3,
939,主意,zhǔyi,idea,3,
940,主张,zhǔzhāng,opinion,3,
941,注意,zhùyì,Be careful,3,
942,祝,zhù,express good wishes; wish,3,
943,抓,zhuā,grab,3,
944,抓住,zhuā zhù,catch; catch hold of; grip; capture,3,
945,专家,zhuānjiā,expert,3,
946,专门,zhuānmén,specialized,3,
947,专题,zhuāntí,special collection,3,
948,专业,zhuānyè,major,3,
949,转,zhuàn,turn,3,
950,转变,zhuǎnbiàn,change,3,
951,状况,zhuàngkuàng,status,3,
952,状态,zhuàngtài,state,3,
953,追,zhuī,run after,3,
954,准,zhǔn,follow; permit; allow; standard,3,
955,资格,zīgé,Qualifications,3,
956,资金,zījīn,capital,3,
957,子女,zǐ nǚ,child; sons and daughters,3,
958,自从,zìcóng,Since,3,
959,自动,zìdòng,automatic,3,
960,自觉,zìjué,Conscious,3,
961,自然,zìrán,natural,3,
962,自身,zì shēn,oneself; self,3,
963,自主,zìzhǔ,Autonomy,3,
964,总,zǒng,always; consistently,3,
965,总结,zǒngjié,summary,3,
966,总是,zǒngshì,always,3,
967,足够,zú gòu,enough; ample; sufficient,3,
968,足球,zú qiú,soccer; football,3,
969,组合,zǔhé,combination,3,
970,左右,zuǒyòu,About,3,
971,作品,zuòpǐn,works,3,
972,作者,zuòzhě,author,3,
973,做客,zuò kè,be a guest,3,